Category,Publisher Name,Publisher Root URL,Article Title,Article URL,Extracted Agency Name
Best Framer Agencies,Brixtemplates,https://brixtemplates.com,The Best Framer Agencies of 2025,https://brixtemplates.com/blog/best-framer-agencies,Allsite
Best Framer Agencies,Brixtemplates,https://brixtemplates.com,The Best Framer Agencies of 2025,https://brixtemplates.com/blog/best-framer-agencies,Analogue Agency
Best Framer Agencies,Brixtemplates,https://brixtemplates.com,The Best Framer Agencies of 2025,https://brixtemplates.com/blog/best-framer-agencies,BRIX Agency
Best Framer Agencies,Brixtemplates,https://brixtemplates.com,The Best Framer Agencies of 2025,https://brixtemplates.com/blog/best-framer-agencies,Deserve Studio
Best Framer Agencies,Brixtemplates,https://brixtemplates.com,The Best Framer Agencies of 2025,https://brixtemplates.com/blog/best-framer-agencies,DesignMe Agency
Best Framer Agencies,Brixtemplates,https://brixtemplates.com,The Best Framer Agencies of 2025,https://brixtemplates.com/blog/best-framer-agencies,Good Habit
Best Framer Agencies,Brixtemplates,https://brixtemplates.com,The Best Framer Agencies of 2025,https://brixtemplates.com/blog/best-framer-agencies,Trueform
Best Framer Agencies,Bryntaylor,https://www.bryntaylor.co.uk,13 best agency templates for Framer in 2026,https://www.bryntaylor.co.uk/writing/best-agency-templates-for-framer,Accent
Best Framer Agencies,Bryntaylor,https://www.bryntaylor.co.uk,13 best agency templates for Framer in 2026,https://www.bryntaylor.co.uk/writing/best-agency-templates-for-framer,Atlas Studio
Best Framer Agencies,Bryntaylor,https://www.bryntaylor.co.uk,13 best agency templates for Framer in 2026,https://www.bryntaylor.co.uk/writing/best-agency-templates-for-framer,Averra
Best Framer Agencies,Bryntaylor,https://www.bryntaylor.co.uk,13 best agency templates for Framer in 2026,https://www.bryntaylor.co.uk/writing/best-agency-templates-for-framer,Darkfolio
Best Framer Agencies,Bryntaylor,https://www.bryntaylor.co.uk,13 best agency templates for Framer in 2026,https://www.bryntaylor.co.uk/writing/best-agency-templates-for-framer,FRESHLYBAKED
Best Framer Agencies,Bryntaylor,https://www.bryntaylor.co.uk,13 best agency templates for Framer in 2026,https://www.bryntaylor.co.uk/writing/best-agency-templates-for-framer,Gaspar
Best Framer Agencies,Bryntaylor,https://www.bryntaylor.co.uk,13 best agency templates for Framer in 2026,https://www.bryntaylor.co.uk/writing/best-agency-templates-for-framer,Irene
Best Framer Agencies,Bryntaylor,https://www.bryntaylor.co.uk,13 best agency templates for Framer in 2026,https://www.bryntaylor.co.uk/writing/best-agency-templates-for-framer,Last Studio
Best Framer Agencies,Bryntaylor,https://www.bryntaylor.co.uk,13 best agency templates for Framer in 2026,https://www.bryntaylor.co.uk/writing/best-agency-templates-for-framer,Lucid
Best Framer Agencies,Bryntaylor,https://www.bryntaylor.co.uk,13 best agency templates for Framer in 2026,https://www.bryntaylor.co.uk/writing/best-agency-templates-for-framer,Nakula
Best Framer Agencies,Bryntaylor,https://www.bryntaylor.co.uk,13 best agency templates for Framer in 2026,https://www.bryntaylor.co.uk/writing/best-agency-templates-for-framer,Offset
Best Framer Agencies,Bryntaylor,https://www.bryntaylor.co.uk,13 best agency templates for Framer in 2026,https://www.bryntaylor.co.uk/writing/best-agency-templates-for-framer,Sharp
Best Framer Agencies,Bryntaylor,https://www.bryntaylor.co.uk,13 best agency templates for Framer in 2026,https://www.bryntaylor.co.uk/writing/best-agency-templates-for-framer,Wynn
Best Framer Agencies,Goodspeed,https://goodspeed.studio,Best Framer Agencies in The Americas (2026),https://goodspeed.studio/framer-agencies/the-americas,Bolster
Best Framer Agencies,Goodspeed,https://goodspeed.studio,Best Framer Agencies in The Americas (2026),https://goodspeed.studio/framer-agencies/the-americas,Brix
Best Framer Agencies,Goodspeed,https://goodspeed.studio,Best Framer Agencies in The Americas (2026),https://goodspeed.studio/framer-agencies/the-americas,Clikr Marketing
Best Framer Agencies,Goodspeed,https://goodspeed.studio,Best Framer Agencies in The Americas (2026),https://goodspeed.studio/framer-agencies/the-americas,Geniant
Best Framer Agencies,Goodspeed,https://goodspeed.studio,Best Framer Agencies in The Americas (2026),https://goodspeed.studio/framer-agencies/the-americas,Stōkt Creative Co.
Best Framer Agencies,Goodspeed,https://goodspeed.studio,Best Framer Agencies in The Americas (2026),https://goodspeed.studio/framer-agencies/the-americas,Wama
Best Framer Agencies,Veloxthemes,https://veloxthemes.com,Best Framer Agencies That Actually Know Design,https://veloxthemes.com/blog/best-framer-agencies,Blissful Studio
Best Framer Agencies,Veloxthemes,https://veloxthemes.com,Best Framer Agencies That Actually Know Design,https://veloxthemes.com/blog/best-framer-agencies,Halaska Studio
Best Framer Agencies,Veloxthemes,https://veloxthemes.com,Best Framer Agencies That Actually Know Design,https://veloxthemes.com/blog/best-framer-agencies,Moving Frames
Best Framer Agencies,Veloxthemes,https://veloxthemes.com,Best Framer Agencies That Actually Know Design,https://veloxthemes.com/blog/best-framer-agencies,Quick14 Studio
Best Framer Agencies,Veloxthemes,https://veloxthemes.com,Best Framer Agencies That Actually Know Design,https://veloxthemes.com/blog/best-framer-agencies,Supafast Studio
Best Framer Agencies,Veloxthemes,https://veloxthemes.com,Best Framer Agencies That Actually Know Design,https://veloxthemes.com/blog/best-framer-agencies,Surd Studio
Best Framer Agencies,Victorflow,https://www.victorflow.com,8+ Best Framer Agencies in 2026 | Ranked #1,https://www.victorflow.com/blog/best-framer-agencies,BRIX - Best Framer Agency
Best Framer Agencies,Victorflow,https://www.victorflow.com,8+ Best Framer Agencies in 2026 | Ranked #1,https://www.victorflow.com/blog/best-framer-agencies,Blnke Design - Top Framer Agency
Best Framer Agencies,Victorflow,https://www.victorflow.com,8+ Best Framer Agencies in 2026 | Ranked #1,https://www.victorflow.com/blog/best-framer-agencies,Deserve Studio - Best Framer Agency
Best Framer Agencies,Victorflow,https://www.victorflow.com,8+ Best Framer Agencies in 2026 | Ranked #1,https://www.victorflow.com/blog/best-framer-agencies,DesignMe - Best Framer Agency
Best Framer Agencies,Victorflow,https://www.victorflow.com,8+ Best Framer Agencies in 2026 | Ranked #1,https://www.victorflow.com/blog/best-framer-agencies,Eleveight - Best Framer Agency
Best Framer Agencies,Victorflow,https://www.victorflow.com,8+ Best Framer Agencies in 2026 | Ranked #1,https://www.victorflow.com/blog/best-framer-agencies,Goodspeed Studio - Best Framer Agency
Best Framer Agencies,Victorflow,https://www.victorflow.com,8+ Best Framer Agencies in 2026 | Ranked #1,https://www.victorflow.com/blog/best-framer-agencies,Nocoloco - Best Framer Agency
Best Framer Agencies,Victorflow,https://www.victorflow.com,8+ Best Framer Agencies in 2026 | Ranked #1,https://www.victorflow.com/blog/best-framer-agencies,Nova - Best Framer Agency
Best MVP Design Agencies,10Clouds,https://10clouds.com,9 Best MVP Development Companies,https://10clouds.com/blog/product-delivery/9-best-mvp-development-companies/,Agicent: India's Cost-Efficiency Champion
Best MVP Design Agencies,10Clouds,https://10clouds.com,9 Best MVP Development Companies,https://10clouds.com/blog/product-delivery/9-best-mvp-development-companies/,Assess Their Post-Launch Support Strategy
Best MVP Design Agencies,10Clouds,https://10clouds.com,9 Best MVP Development Companies,https://10clouds.com/blog/product-delivery/9-best-mvp-development-companies/,Define Your MVP Requirements With Crystal Clarity
Best MVP Design Agencies,10Clouds,https://10clouds.com,9 Best MVP Development Companies,https://10clouds.com/blog/product-delivery/9-best-mvp-development-companies/,LoopStudio: Uruguay's Code Craftsmen
Best MVP Design Agencies,10Clouds,https://10clouds.com,9 Best MVP Development Companies,https://10clouds.com/blog/product-delivery/9-best-mvp-development-companies/,Relevant Software: Ukraine's MVP Specialists
Best MVP Design Agencies,10Clouds,https://10clouds.com,9 Best MVP Development Companies,https://10clouds.com/blog/product-delivery/9-best-mvp-development-companies/,Request Specific Examples and References
Best MVP Design Agencies,10Clouds,https://10clouds.com,9 Best MVP Development Companies,https://10clouds.com/blog/product-delivery/9-best-mvp-development-companies/,S-PRO: Switzerland's Strategic MVP Consultant
Best MVP Design Agencies,10Clouds,https://10clouds.com,9 Best MVP Development Companies,https://10clouds.com/blog/product-delivery/9-best-mvp-development-companies/,Unosquare: Oregon's AI-Powered MVP Factory
Best MVP Design Agencies,10Clouds,https://10clouds.com,9 Best MVP Development Companies,https://10clouds.com/blog/product-delivery/9-best-mvp-development-companies/,Vention: Montreal's MVP Machine
Best MVP Design Agencies,10Clouds,https://10clouds.com,9 Best MVP Development Companies,https://10clouds.com/blog/product-delivery/9-best-mvp-development-companies/,fastfwd: UK's Collaborative MVP Partner
Best MVP Design Agencies,925Studios,https://www.925studios.co,"8 Product Design Agencies for MVP Launches, Ranked by ...",https://www.925studios.co/blog/best-product-design-agencies-mvp-development,Arounda
Best MVP Design Agencies,925Studios,https://www.925studios.co,"8 Product Design Agencies for MVP Launches, Ranked by ...",https://www.925studios.co/blog/best-product-design-agencies-mvp-development,Bricxlabs
Best MVP Design Agencies,925Studios,https://www.925studios.co,"8 Product Design Agencies for MVP Launches, Ranked by ...",https://www.925studios.co/blog/best-product-design-agencies-mvp-development,Eleken
Best MVP Design Agencies,925Studios,https://www.925studios.co,"8 Product Design Agencies for MVP Launches, Ranked by ...",https://www.925studios.co/blog/best-product-design-agencies-mvp-development,Orbix Studio
Best MVP Design Agencies,925Studios,https://www.925studios.co,"8 Product Design Agencies for MVP Launches, Ranked by ...",https://www.925studios.co/blog/best-product-design-agencies-mvp-development,Superside
Best MVP Design Agencies,925Studios,https://www.925studios.co,"8 Product Design Agencies for MVP Launches, Ranked by ...",https://www.925studios.co/blog/best-product-design-agencies-mvp-development,Wavespace
Best MVP Design Agencies,925Studios,https://www.925studios.co,"8 Product Design Agencies for MVP Launches, Ranked by ...",https://www.925studios.co/blog/best-product-design-agencies-mvp-development,thoughtbot
Best MVP Design Agencies,Cieden,https://cieden.com,Best MVP Development Agencies in 2026 (Verified Teams ...,https://cieden.com/best-mvp-development-agencies,Uitop: best for industrial SaaS & niche logic
Best MVP Design Agencies,Cieden,https://cieden.com,Best MVP Development Agencies in 2026 (Verified Teams ...,https://cieden.com/best-mvp-development-agencies,WANDR: best for rapid strategy & security SaaS
Best MVP Design Agencies,Lazarev,https://www.lazarev.agency,Meet the 50 top design agencies in the US leading digital ...,https://www.lazarev.agency/articles/top-design-agencies-in-the-us,Accenture Song (Fjord)
Best MVP Design Agencies,Lazarev,https://www.lazarev.agency,Meet the 50 top design agencies in the US leading digital ...,https://www.lazarev.agency/articles/top-design-agencies-in-the-us,Argodesign
Best MVP Design Agencies,Lazarev,https://www.lazarev.agency,Meet the 50 top design agencies in the US leading digital ...,https://www.lazarev.agency/articles/top-design-agencies-in-the-us,Artefact
Best MVP Design Agencies,Lazarev,https://www.lazarev.agency,Meet the 50 top design agencies in the US leading digital ...,https://www.lazarev.agency/articles/top-design-agencies-in-the-us,Astro Studios
Best MVP Design Agencies,Lazarev,https://www.lazarev.agency,Meet the 50 top design agencies in the US leading digital ...,https://www.lazarev.agency/articles/top-design-agencies-in-the-us,BASIC/Dept®
Best MVP Design Agencies,Lazarev,https://www.lazarev.agency,Meet the 50 top design agencies in the US leading digital ...,https://www.lazarev.agency/articles/top-design-agencies-in-the-us,BCG Digital Ventures
Best MVP Design Agencies,Lazarev,https://www.lazarev.agency,Meet the 50 top design agencies in the US leading digital ...,https://www.lazarev.agency/articles/top-design-agencies-in-the-us,Beyond
Best MVP Design Agencies,Lazarev,https://www.lazarev.agency,Meet the 50 top design agencies in the US leading digital ...,https://www.lazarev.agency/articles/top-design-agencies-in-the-us,Big Human
Best MVP Design Agencies,Lazarev,https://www.lazarev.agency,Meet the 50 top design agencies in the US leading digital ...,https://www.lazarev.agency/articles/top-design-agencies-in-the-us,Blink UX
Best MVP Design Agencies,Lazarev,https://www.lazarev.agency,Meet the 50 top design agencies in the US leading digital ...,https://www.lazarev.agency/articles/top-design-agencies-in-the-us,Bottle Rocket
Best MVP Design Agencies,Lazarev,https://www.lazarev.agency,Meet the 50 top design agencies in the US leading digital ...,https://www.lazarev.agency/articles/top-design-agencies-in-the-us,Cieden
Best MVP Design Agencies,Lazarev,https://www.lazarev.agency,Meet the 50 top design agencies in the US leading digital ...,https://www.lazarev.agency/articles/top-design-agencies-in-the-us,Code and Theory
Best MVP Design Agencies,Lazarev,https://www.lazarev.agency,Meet the 50 top design agencies in the US leading digital ...,https://www.lazarev.agency/articles/top-design-agencies-in-the-us,Critical Mass
Best MVP Design Agencies,Lazarev,https://www.lazarev.agency,Meet the 50 top design agencies in the US leading digital ...,https://www.lazarev.agency/articles/top-design-agencies-in-the-us,Deloitte Digital
Best MVP Design Agencies,Lazarev,https://www.lazarev.agency,Meet the 50 top design agencies in the US leading digital ...,https://www.lazarev.agency/articles/top-design-agencies-in-the-us,Designit
Best MVP Design Agencies,Lazarev,https://www.lazarev.agency,Meet the 50 top design agencies in the US leading digital ...,https://www.lazarev.agency/articles/top-design-agencies-in-the-us,Dreamten
Best MVP Design Agencies,Lazarev,https://www.lazarev.agency,Meet the 50 top design agencies in the US leading digital ...,https://www.lazarev.agency/articles/top-design-agencies-in-the-us,EPAM Continuum
Best MVP Design Agencies,Lazarev,https://www.lazarev.agency,Meet the 50 top design agencies in the US leading digital ...,https://www.lazarev.agency/articles/top-design-agencies-in-the-us,Elephant
Best MVP Design Agencies,Lazarev,https://www.lazarev.agency,Meet the 50 top design agencies in the US leading digital ...,https://www.lazarev.agency/articles/top-design-agencies-in-the-us,Fantasy
Best MVP Design Agencies,Lazarev,https://www.lazarev.agency,Meet the 50 top design agencies in the US leading digital ...,https://www.lazarev.agency/articles/top-design-agencies-in-the-us,Frog Design
Best MVP Design Agencies,Lazarev,https://www.lazarev.agency,Meet the 50 top design agencies in the US leading digital ...,https://www.lazarev.agency/articles/top-design-agencies-in-the-us,Goji Labs
Best MVP Design Agencies,Lazarev,https://www.lazarev.agency,Meet the 50 top design agencies in the US leading digital ...,https://www.lazarev.agency/articles/top-design-agencies-in-the-us,Huge
Best MVP Design Agencies,Lazarev,https://www.lazarev.agency,Meet the 50 top design agencies in the US leading digital ...,https://www.lazarev.agency/articles/top-design-agencies-in-the-us,IA Collaborative
Best MVP Design Agencies,Lazarev,https://www.lazarev.agency,Meet the 50 top design agencies in the US leading digital ...,https://www.lazarev.agency/articles/top-design-agencies-in-the-us,IBM iX
Best MVP Design Agencies,Lazarev,https://www.lazarev.agency,Meet the 50 top design agencies in the US leading digital ...,https://www.lazarev.agency/articles/top-design-agencies-in-the-us,IDEO
Best MVP Design Agencies,Lazarev,https://www.lazarev.agency,Meet the 50 top design agencies in the US leading digital ...,https://www.lazarev.agency/articles/top-design-agencies-in-the-us,Instrument
Best MVP Design Agencies,Lazarev,https://www.lazarev.agency,Meet the 50 top design agencies in the US leading digital ...,https://www.lazarev.agency/articles/top-design-agencies-in-the-us,Isobar
Best MVP Design Agencies,Lazarev,https://www.lazarev.agency,Meet the 50 top design agencies in the US leading digital ...,https://www.lazarev.agency/articles/top-design-agencies-in-the-us,Lazarev.agency
Best MVP Design Agencies,Lazarev,https://www.lazarev.agency,Meet the 50 top design agencies in the US leading digital ...,https://www.lazarev.agency/articles/top-design-agencies-in-the-us,Mad*Pow
Best MVP Design Agencies,Lazarev,https://www.lazarev.agency,Meet the 50 top design agencies in the US leading digital ...,https://www.lazarev.agency/articles/top-design-agencies-in-the-us,McKinsey Design
Best MVP Design Agencies,Lazarev,https://www.lazarev.agency,Meet the 50 top design agencies in the US leading digital ...,https://www.lazarev.agency/articles/top-design-agencies-in-the-us,MetaLab
Best MVP Design Agencies,Lazarev,https://www.lazarev.agency,Meet the 50 top design agencies in the US leading digital ...,https://www.lazarev.agency/articles/top-design-agencies-in-the-us,Method
Best MVP Design Agencies,Lazarev,https://www.lazarev.agency,Meet the 50 top design agencies in the US leading digital ...,https://www.lazarev.agency/articles/top-design-agencies-in-the-us,Momentum Design Lab
Best MVP Design Agencies,Lazarev,https://www.lazarev.agency,Meet the 50 top design agencies in the US leading digital ...,https://www.lazarev.agency/articles/top-design-agencies-in-the-us,Neuron
Best MVP Design Agencies,Lazarev,https://www.lazarev.agency,Meet the 50 top design agencies in the US leading digital ...,https://www.lazarev.agency/articles/top-design-agencies-in-the-us,Nielsen Norman Group
Best MVP Design Agencies,Lazarev,https://www.lazarev.agency,Meet the 50 top design agencies in the US leading digital ...,https://www.lazarev.agency/articles/top-design-agencies-in-the-us,Publicis Sapient
Best MVP Design Agencies,Lazarev,https://www.lazarev.agency,Meet the 50 top design agencies in the US leading digital ...,https://www.lazarev.agency/articles/top-design-agencies-in-the-us,R/GA
Best MVP Design Agencies,Lazarev,https://www.lazarev.agency,Meet the 50 top design agencies in the US leading digital ...,https://www.lazarev.agency/articles/top-design-agencies-in-the-us,Red Antler
Best MVP Design Agencies,Lazarev,https://www.lazarev.agency,Meet the 50 top design agencies in the US leading digital ...,https://www.lazarev.agency/articles/top-design-agencies-in-the-us,Slide UX
Best MVP Design Agencies,Lazarev,https://www.lazarev.agency,Meet the 50 top design agencies in the US leading digital ...,https://www.lazarev.agency/articles/top-design-agencies-in-the-us,Smart Design
Best MVP Design Agencies,Lazarev,https://www.lazarev.agency,Meet the 50 top design agencies in the US leading digital ...,https://www.lazarev.agency/articles/top-design-agencies-in-the-us,Think Company
Best MVP Design Agencies,Lazarev,https://www.lazarev.agency,Meet the 50 top design agencies in the US leading digital ...,https://www.lazarev.agency/articles/top-design-agencies-in-the-us,Ustwo
Best MVP Design Agencies,Lazarev,https://www.lazarev.agency,Meet the 50 top design agencies in the US leading digital ...,https://www.lazarev.agency/articles/top-design-agencies-in-the-us,WANDR
Best MVP Design Agencies,Lazarev,https://www.lazarev.agency,Meet the 50 top design agencies in the US leading digital ...,https://www.lazarev.agency/articles/top-design-agencies-in-the-us,WillowTree
Best MVP Design Agencies,Lazarev,https://www.lazarev.agency,Meet the 50 top design agencies in the US leading digital ...,https://www.lazarev.agency/articles/top-design-agencies-in-the-us,Work & Co
Best MVP Design Agencies,Lazarev,https://www.lazarev.agency,Meet the 50 top design agencies in the US leading digital ...,https://www.lazarev.agency/articles/top-design-agencies-in-the-us,YML
Best MVP Design Agencies,Lazarev,https://www.lazarev.agency,Meet the 50 top design agencies in the US leading digital ...,https://www.lazarev.agency/articles/top-design-agencies-in-the-us,Zazz
Best MVP Design Agencies,Lazarev,https://www.lazarev.agency,Meet the 50 top design agencies in the US leading digital ...,https://www.lazarev.agency/articles/top-design-agencies-in-the-us,projekt202
Best MVP Design Agencies,Taqwah,https://taqwah.agency,Top 7 SaaS MVP Design Agencies in June 2026,https://taqwah.agency/blog/top-saas-mvp-design-agencies,Boldare
Best MVP Design Agencies,Taqwah,https://taqwah.agency,Top 7 SaaS MVP Design Agencies in June 2026,https://taqwah.agency/blog/top-saas-mvp-design-agencies,Clay
Best MVP Design Agencies,Taqwah,https://taqwah.agency,Top 7 SaaS MVP Design Agencies in June 2026,https://taqwah.agency/blog/top-saas-mvp-design-agencies,Ramotion
Best MVP Design Agencies,Taqwah,https://taqwah.agency,Top 7 SaaS MVP Design Agencies in June 2026,https://taqwah.agency/blog/top-saas-mvp-design-agencies,Taqwah
Best MVP Design Agencies,Taqwah,https://taqwah.agency,Top 7 SaaS MVP Design Agencies in June 2026,https://taqwah.agency/blog/top-saas-mvp-design-agencies,Unfold
Best MVP Design Agencies,Taqwah,https://taqwah.agency,Top 7 SaaS MVP Design Agencies in June 2026,https://taqwah.agency/blog/top-saas-mvp-design-agencies,Zoolatech
Best Product Design Agencies,Lazarev,https://www.lazarev.agency,Meet the 50 top design agencies in the US leading digital ...,https://www.lazarev.agency/articles/top-design-agencies-in-the-us,Accenture Song (Fjord)
Best Product Design Agencies,Lazarev,https://www.lazarev.agency,Meet the 50 top design agencies in the US leading digital ...,https://www.lazarev.agency/articles/top-design-agencies-in-the-us,Argodesign
Best Product Design Agencies,Lazarev,https://www.lazarev.agency,Meet the 50 top design agencies in the US leading digital ...,https://www.lazarev.agency/articles/top-design-agencies-in-the-us,Artefact
Best Product Design Agencies,Lazarev,https://www.lazarev.agency,Meet the 50 top design agencies in the US leading digital ...,https://www.lazarev.agency/articles/top-design-agencies-in-the-us,Astro Studios
Best Product Design Agencies,Lazarev,https://www.lazarev.agency,Meet the 50 top design agencies in the US leading digital ...,https://www.lazarev.agency/articles/top-design-agencies-in-the-us,BASIC/Dept®
Best Product Design Agencies,Lazarev,https://www.lazarev.agency,Meet the 50 top design agencies in the US leading digital ...,https://www.lazarev.agency/articles/top-design-agencies-in-the-us,BCG Digital Ventures
Best Product Design Agencies,Lazarev,https://www.lazarev.agency,Meet the 50 top design agencies in the US leading digital ...,https://www.lazarev.agency/articles/top-design-agencies-in-the-us,Beyond
Best Product Design Agencies,Lazarev,https://www.lazarev.agency,Meet the 50 top design agencies in the US leading digital ...,https://www.lazarev.agency/articles/top-design-agencies-in-the-us,Big Human
Best Product Design Agencies,Lazarev,https://www.lazarev.agency,Meet the 50 top design agencies in the US leading digital ...,https://www.lazarev.agency/articles/top-design-agencies-in-the-us,Blink UX
Best Product Design Agencies,Lazarev,https://www.lazarev.agency,Meet the 50 top design agencies in the US leading digital ...,https://www.lazarev.agency/articles/top-design-agencies-in-the-us,Bottle Rocket
Best Product Design Agencies,Lazarev,https://www.lazarev.agency,Meet the 50 top design agencies in the US leading digital ...,https://www.lazarev.agency/articles/top-design-agencies-in-the-us,Cieden
Best Product Design Agencies,Lazarev,https://www.lazarev.agency,Meet the 50 top design agencies in the US leading digital ...,https://www.lazarev.agency/articles/top-design-agencies-in-the-us,Clay
Best Product Design Agencies,Lazarev,https://www.lazarev.agency,Meet the 50 top design agencies in the US leading digital ...,https://www.lazarev.agency/articles/top-design-agencies-in-the-us,Code and Theory
Best Product Design Agencies,Lazarev,https://www.lazarev.agency,Meet the 50 top design agencies in the US leading digital ...,https://www.lazarev.agency/articles/top-design-agencies-in-the-us,Critical Mass
Best Product Design Agencies,Lazarev,https://www.lazarev.agency,Meet the 50 top design agencies in the US leading digital ...,https://www.lazarev.agency/articles/top-design-agencies-in-the-us,Deloitte Digital
Best Product Design Agencies,Lazarev,https://www.lazarev.agency,Meet the 50 top design agencies in the US leading digital ...,https://www.lazarev.agency/articles/top-design-agencies-in-the-us,Designit
Best Product Design Agencies,Lazarev,https://www.lazarev.agency,Meet the 50 top design agencies in the US leading digital ...,https://www.lazarev.agency/articles/top-design-agencies-in-the-us,Dreamten
Best Product Design Agencies,Lazarev,https://www.lazarev.agency,Meet the 50 top design agencies in the US leading digital ...,https://www.lazarev.agency/articles/top-design-agencies-in-the-us,EPAM Continuum
Best Product Design Agencies,Lazarev,https://www.lazarev.agency,Meet the 50 top design agencies in the US leading digital ...,https://www.lazarev.agency/articles/top-design-agencies-in-the-us,Elephant
Best Product Design Agencies,Lazarev,https://www.lazarev.agency,Meet the 50 top design agencies in the US leading digital ...,https://www.lazarev.agency/articles/top-design-agencies-in-the-us,Fantasy
Best Product Design Agencies,Lazarev,https://www.lazarev.agency,Meet the 50 top design agencies in the US leading digital ...,https://www.lazarev.agency/articles/top-design-agencies-in-the-us,Frog Design
Best Product Design Agencies,Lazarev,https://www.lazarev.agency,Meet the 50 top design agencies in the US leading digital ...,https://www.lazarev.agency/articles/top-design-agencies-in-the-us,Goji Labs
Best Product Design Agencies,Lazarev,https://www.lazarev.agency,Meet the 50 top design agencies in the US leading digital ...,https://www.lazarev.agency/articles/top-design-agencies-in-the-us,Huge
Best Product Design Agencies,Lazarev,https://www.lazarev.agency,Meet the 50 top design agencies in the US leading digital ...,https://www.lazarev.agency/articles/top-design-agencies-in-the-us,IA Collaborative
Best Product Design Agencies,Lazarev,https://www.lazarev.agency,Meet the 50 top design agencies in the US leading digital ...,https://www.lazarev.agency/articles/top-design-agencies-in-the-us,IBM iX
Best Product Design Agencies,Lazarev,https://www.lazarev.agency,Meet the 50 top design agencies in the US leading digital ...,https://www.lazarev.agency/articles/top-design-agencies-in-the-us,IDEO
Best Product Design Agencies,Lazarev,https://www.lazarev.agency,Meet the 50 top design agencies in the US leading digital ...,https://www.lazarev.agency/articles/top-design-agencies-in-the-us,Instrument
Best Product Design Agencies,Lazarev,https://www.lazarev.agency,Meet the 50 top design agencies in the US leading digital ...,https://www.lazarev.agency/articles/top-design-agencies-in-the-us,Isobar
Best Product Design Agencies,Lazarev,https://www.lazarev.agency,Meet the 50 top design agencies in the US leading digital ...,https://www.lazarev.agency/articles/top-design-agencies-in-the-us,Lazarev.agency
Best Product Design Agencies,Lazarev,https://www.lazarev.agency,Meet the 50 top design agencies in the US leading digital ...,https://www.lazarev.agency/articles/top-design-agencies-in-the-us,Mad*Pow
Best Product Design Agencies,Lazarev,https://www.lazarev.agency,Meet the 50 top design agencies in the US leading digital ...,https://www.lazarev.agency/articles/top-design-agencies-in-the-us,McKinsey Design
Best Product Design Agencies,Lazarev,https://www.lazarev.agency,Meet the 50 top design agencies in the US leading digital ...,https://www.lazarev.agency/articles/top-design-agencies-in-the-us,MetaLab
Best Product Design Agencies,Lazarev,https://www.lazarev.agency,Meet the 50 top design agencies in the US leading digital ...,https://www.lazarev.agency/articles/top-design-agencies-in-the-us,Neuron
Best Product Design Agencies,Lazarev,https://www.lazarev.agency,Meet the 50 top design agencies in the US leading digital ...,https://www.lazarev.agency/articles/top-design-agencies-in-the-us,Nielsen Norman Group
Best Product Design Agencies,Lazarev,https://www.lazarev.agency,Meet the 50 top design agencies in the US leading digital ...,https://www.lazarev.agency/articles/top-design-agencies-in-the-us,Publicis Sapient
Best Product Design Agencies,Lazarev,https://www.lazarev.agency,Meet the 50 top design agencies in the US leading digital ...,https://www.lazarev.agency/articles/top-design-agencies-in-the-us,R/GA
Best Product Design Agencies,Lazarev,https://www.lazarev.agency,Meet the 50 top design agencies in the US leading digital ...,https://www.lazarev.agency/articles/top-design-agencies-in-the-us,Ramotion
Best Product Design Agencies,Lazarev,https://www.lazarev.agency,Meet the 50 top design agencies in the US leading digital ...,https://www.lazarev.agency/articles/top-design-agencies-in-the-us,Red Antler
Best Product Design Agencies,Lazarev,https://www.lazarev.agency,Meet the 50 top design agencies in the US leading digital ...,https://www.lazarev.agency/articles/top-design-agencies-in-the-us,Slide UX
Best Product Design Agencies,Lazarev,https://www.lazarev.agency,Meet the 50 top design agencies in the US leading digital ...,https://www.lazarev.agency/articles/top-design-agencies-in-the-us,Smart Design
Best Product Design Agencies,Lazarev,https://www.lazarev.agency,Meet the 50 top design agencies in the US leading digital ...,https://www.lazarev.agency/articles/top-design-agencies-in-the-us,Think Company
Best Product Design Agencies,Lazarev,https://www.lazarev.agency,Meet the 50 top design agencies in the US leading digital ...,https://www.lazarev.agency/articles/top-design-agencies-in-the-us,Ustwo
Best Product Design Agencies,Lazarev,https://www.lazarev.agency,Meet the 50 top design agencies in the US leading digital ...,https://www.lazarev.agency/articles/top-design-agencies-in-the-us,WANDR
Best Product Design Agencies,Lazarev,https://www.lazarev.agency,Meet the 50 top design agencies in the US leading digital ...,https://www.lazarev.agency/articles/top-design-agencies-in-the-us,WillowTree
Best Product Design Agencies,Lazarev,https://www.lazarev.agency,Meet the 50 top design agencies in the US leading digital ...,https://www.lazarev.agency/articles/top-design-agencies-in-the-us,YML
Best Product Design Agencies,Lazarev,https://www.lazarev.agency,Meet the 50 top design agencies in the US leading digital ...,https://www.lazarev.agency/articles/top-design-agencies-in-the-us,Zazz
Best Product Design Agencies,Lazarev,https://www.lazarev.agency,Meet the 50 top design agencies in the US leading digital ...,https://www.lazarev.agency/articles/top-design-agencies-in-the-us,projekt202
Best Product Design Agencies,Linkupst,https://linkupst.com,Top New York Design Agencies to Work With in 2026,https://linkupst.com/design/blog-design/new-york-design-agencies,DD.NYC
Best Product Design Agencies,Linkupst,https://linkupst.com,Top New York Design Agencies to Work With in 2026,https://linkupst.com/design/blog-design/new-york-design-agencies,Gretel
Best Product Design Agencies,Linkupst,https://linkupst.com,Top New York Design Agencies to Work With in 2026,https://linkupst.com/design/blog-design/new-york-design-agencies,Linkup ST
Best Product Design Agencies,Linkupst,https://linkupst.com,Top New York Design Agencies to Work With in 2026,https://linkupst.com/design/blog-design/new-york-design-agencies,Method
Best Product Design Agencies,Linkupst,https://linkupst.com,Top New York Design Agencies to Work With in 2026,https://linkupst.com/design/blog-design/new-york-design-agencies,Momentum Design Lab
Best Product Design Agencies,Linkupst,https://linkupst.com,Top New York Design Agencies to Work With in 2026,https://linkupst.com/design/blog-design/new-york-design-agencies,Pentagram
Best Product Design Agencies,Linkupst,https://linkupst.com,Top New York Design Agencies to Work With in 2026,https://linkupst.com/design/blog-design/new-york-design-agencies,Phenomenon Studio
Best Product Design Agencies,Linkupst,https://linkupst.com,Top New York Design Agencies to Work With in 2026,https://linkupst.com/design/blog-design/new-york-design-agencies,The Charles
Best Product Design Agencies,Linkupst,https://linkupst.com,Top New York Design Agencies to Work With in 2026,https://linkupst.com/design/blog-design/new-york-design-agencies,Utility
Best Product Design Agencies,Linkupst,https://linkupst.com,Top New York Design Agencies to Work With in 2026,https://linkupst.com/design/blog-design/new-york-design-agencies,Wolf&Whale
Best Product Design Agencies,Linkupst,https://linkupst.com,Top New York Design Agencies to Work With in 2026,https://linkupst.com/design/blog-design/new-york-design-agencies,Work & Co
Best Product Design Agencies,Linkupst,https://linkupst.com,Top New York Design Agencies to Work With in 2026,https://linkupst.com/design/blog-design/new-york-design-agencies,Zero
Best Product Design Agencies,Superside,https://www.superside.com,10 Best Product Design Companies of 2026,https://www.superside.com/blog/product-design-companies,Accenture Song
Best Product Design Agencies,Superside,https://www.superside.com,10 Best Product Design Companies of 2026,https://www.superside.com/blog/product-design-companies,Musemind
Best Product Design Agencies,Superside,https://www.superside.com,10 Best Product Design Companies of 2026,https://www.superside.com/blog/product-design-companies,Netguru
Best Product Design Agencies,Superside,https://www.superside.com,10 Best Product Design Companies of 2026,https://www.superside.com/blog/product-design-companies,Superside
Best Product Design Agencies,Superside,https://www.superside.com,10 Best Product Design Companies of 2026,https://www.superside.com/blog/product-design-companies,Think Design
Best Product Design Agencies,Superside,https://www.superside.com,10 Best Product Design Companies of 2026,https://www.superside.com/blog/product-design-companies,Thoughtbot
Best Product Design Agencies,Superside,https://www.superside.com,10 Best Product Design Companies of 2026,https://www.superside.com/blog/product-design-companies,frog (frog design)
Best SaaS Design Agencies,Cieden,https://cieden.com,Top SaaS UX and Web Design Agencies in 2026 for B2B ...,https://cieden.com/best-saas-design-agencies,Arounda: best for fintech & high-stakes SaaS
Best SaaS Design Agencies,Cieden,https://cieden.com,Top SaaS UX and Web Design Agencies in 2026 for B2B ...,https://cieden.com/best-saas-design-agencies,Check the handoff process
Best SaaS Design Agencies,Cieden,https://cieden.com,Best UI/UX Design Agencies in the USA for 2026,https://cieden.com/best-ui-ux-design-companies-in-usa,Cieden: best for complex B2B & SaaS
Best SaaS Design Agencies,Cieden,https://cieden.com,Best UI/UX Design Agencies in the USA for 2026,https://cieden.com/best-ui-ux-design-companies-in-usa,"Dreamten: best for small-team, big-client UX"
Best SaaS Design Agencies,Cieden,https://cieden.com,Top SaaS UX and Web Design Agencies in 2026 for B2B ...,https://cieden.com/best-saas-design-agencies,"Eleken: best for fast, embedded SaaS design"
Best SaaS Design Agencies,Cieden,https://cieden.com,Top SaaS UX and Web Design Agencies in 2026 for B2B ...,https://cieden.com/best-saas-design-agencies,Goji Labs: best for non-technical founders
Best SaaS Design Agencies,Cieden,https://cieden.com,Top SaaS UX and Web Design Agencies in 2026 for B2B ...,https://cieden.com/best-saas-design-agencies,Match the agency model to your stage
Best SaaS Design Agencies,Cieden,https://cieden.com,Best UI/UX Design Agencies in the USA for 2026,https://cieden.com/best-ui-ux-design-companies-in-usa,MetaLab: best for zero-to-one products
Best SaaS Design Agencies,Cieden,https://cieden.com,Best UI/UX Design Agencies in the USA for 2026,https://cieden.com/best-ui-ux-design-companies-in-usa,Momentum Design Lab: best for fortune-grade UX
Best SaaS Design Agencies,Cieden,https://cieden.com,Best UI/UX Design Agencies in the USA for 2026,https://cieden.com/best-ui-ux-design-companies-in-usa,Neuron: best for enterprise UX
Best SaaS Design Agencies,Cieden,https://cieden.com,Top SaaS UX and Web Design Agencies in 2026 for B2B ...,https://cieden.com/best-saas-design-agencies,Phenomenon: best for compliance-heavy SaaS
Best SaaS Design Agencies,Cieden,https://cieden.com,Top SaaS UX and Web Design Agencies in 2026 for B2B ...,https://cieden.com/best-saas-design-agencies,StanVision: best for high-converting SaaS
Best SaaS Design Agencies,Cieden,https://cieden.com,Best UI/UX Design Agencies in the USA for 2026,https://cieden.com/best-ui-ux-design-companies-in-usa,WANDR studio: best for security-sensitive SaaS UX
Best SaaS Design Agencies,Fuselabcreative,https://fuselabcreative.com,Best UX design agencies for B2B SaaS in 2026,https://fuselabcreative.com/best-ux-design-agencies-b2b-saas/,Dreamten
Best SaaS Design Agencies,Fuselabcreative,https://fuselabcreative.com,Best UX design agencies for B2B SaaS in 2026,https://fuselabcreative.com/best-ux-design-agencies-b2b-saas/,Fuselab Creative
Best SaaS Design Agencies,Fuselabcreative,https://fuselabcreative.com,Best UX design agencies for B2B SaaS in 2026,https://fuselabcreative.com/best-ux-design-agencies-b2b-saas/,Goji Labs
Best SaaS Design Agencies,Fuselabcreative,https://fuselabcreative.com,Best UX design agencies for B2B SaaS in 2026,https://fuselabcreative.com/best-ux-design-agencies-b2b-saas/,Phenomenon Studio
Best SaaS Design Agencies,Fuselabcreative,https://fuselabcreative.com,Best UX design agencies for B2B SaaS in 2026,https://fuselabcreative.com/best-ux-design-agencies-b2b-saas/,UITOP
Best SaaS Design Agencies,Getmiyagi,https://www.getmiyagi.com,Best Saas Website Design Agencies (Compared for 2026),https://www.getmiyagi.com/post/best-saas-website-design-agencies-in-2026,Amply
Best SaaS Design Agencies,Getmiyagi,https://www.getmiyagi.com,Best Saas Website Design Agencies (Compared for 2026),https://www.getmiyagi.com/post/best-saas-website-design-agencies-in-2026,BX Studio
Best SaaS Design Agencies,Getmiyagi,https://www.getmiyagi.com,Best Saas Website Design Agencies (Compared for 2026),https://www.getmiyagi.com/post/best-saas-website-design-agencies-in-2026,Be clear on the engagement model
Best SaaS Design Agencies,Getmiyagi,https://www.getmiyagi.com,Best Saas Website Design Agencies (Compared for 2026),https://www.getmiyagi.com/post/best-saas-website-design-agencies-in-2026,Check how they approach positioning and messaging
Best SaaS Design Agencies,Getmiyagi,https://www.getmiyagi.com,Best Saas Website Design Agencies (Compared for 2026),https://www.getmiyagi.com/post/best-saas-website-design-agencies-in-2026,Check scalability and long-term usability
Best SaaS Design Agencies,Getmiyagi,https://www.getmiyagi.com,Best Saas Website Design Agencies (Compared for 2026),https://www.getmiyagi.com/post/best-saas-website-design-agencies-in-2026,Choosing an agency without B2B SaaS experience
Best SaaS Design Agencies,Getmiyagi,https://www.getmiyagi.com,Best Saas Website Design Agencies (Compared for 2026),https://www.getmiyagi.com/post/best-saas-website-design-agencies-in-2026,Cieden
Best SaaS Design Agencies,Getmiyagi,https://www.getmiyagi.com,Best Saas Website Design Agencies (Compared for 2026),https://www.getmiyagi.com/post/best-saas-website-design-agencies-in-2026,Clay
Best SaaS Design Agencies,Getmiyagi,https://www.getmiyagi.com,Best Saas Website Design Agencies (Compared for 2026),https://www.getmiyagi.com/post/best-saas-website-design-agencies-in-2026,Designjoy
Best SaaS Design Agencies,Getmiyagi,https://www.getmiyagi.com,Best Saas Website Design Agencies (Compared for 2026),https://www.getmiyagi.com/post/best-saas-website-design-agencies-in-2026,Finsweet
Best SaaS Design Agencies,Getmiyagi,https://www.getmiyagi.com,Best Saas Website Design Agencies (Compared for 2026),https://www.getmiyagi.com/post/best-saas-website-design-agencies-in-2026,FlowTrix
Best SaaS Design Agencies,Getmiyagi,https://www.getmiyagi.com,Best Saas Website Design Agencies (Compared for 2026),https://www.getmiyagi.com/post/best-saas-website-design-agencies-in-2026,Flowout
Best SaaS Design Agencies,Getmiyagi,https://www.getmiyagi.com,Best Saas Website Design Agencies (Compared for 2026),https://www.getmiyagi.com/post/best-saas-website-design-agencies-in-2026,Halo Lab
Best SaaS Design Agencies,Getmiyagi,https://www.getmiyagi.com,Best Saas Website Design Agencies (Compared for 2026),https://www.getmiyagi.com/post/best-saas-website-design-agencies-in-2026,Ignoring conversion and buyer intent
Best SaaS Design Agencies,Getmiyagi,https://www.getmiyagi.com,Best Saas Website Design Agencies (Compared for 2026),https://www.getmiyagi.com/post/best-saas-website-design-agencies-in-2026,Koto
Best SaaS Design Agencies,Getmiyagi,https://www.getmiyagi.com,Best Saas Website Design Agencies (Compared for 2026),https://www.getmiyagi.com/post/best-saas-website-design-agencies-in-2026,"Look for B2B SaaS experience, not just startups"
Best SaaS Design Agencies,Getmiyagi,https://www.getmiyagi.com,Best Saas Website Design Agencies (Compared for 2026),https://www.getmiyagi.com/post/best-saas-website-design-agencies-in-2026,MakeBuild
Best SaaS Design Agencies,Getmiyagi,https://www.getmiyagi.com,Best Saas Website Design Agencies (Compared for 2026),https://www.getmiyagi.com/post/best-saas-website-design-agencies-in-2026,Prioritising visuals over clarity
Best SaaS Design Agencies,Getmiyagi,https://www.getmiyagi.com,Best Saas Website Design Agencies (Compared for 2026),https://www.getmiyagi.com/post/best-saas-website-design-agencies-in-2026,Treating the website as a one-time project
Best SaaS Design Agencies,Getmiyagi,https://www.getmiyagi.com,Best Saas Website Design Agencies (Compared for 2026),https://www.getmiyagi.com/post/best-saas-website-design-agencies-in-2026,Understand how they think about conversion
Best SaaS Design Agencies,Medium,https://medium.com,Best SaaS Design Agencies in New York | by Ayub Ansary,https://medium.com/@ayubansarybd/best-saas-design-agencies-in-new-york-2cd61b81fead,Barrel
Best SaaS Design Agencies,Medium,https://medium.com,Best SaaS Design Agencies in New York | by Ayub Ansary,https://medium.com/@ayubansarybd/best-saas-design-agencies-in-new-york-2cd61b81fead,Blue Fountain Media
Best SaaS Design Agencies,Medium,https://medium.com,Best SaaS Design Agencies in New York | by Ayub Ansary,https://medium.com/@ayubansarybd/best-saas-design-agencies-in-new-york-2cd61b81fead,Code and Theory
Best SaaS Design Agencies,Medium,https://medium.com,Best SaaS Design Agencies in New York | by Ayub Ansary,https://medium.com/@ayubansarybd/best-saas-design-agencies-in-new-york-2cd61b81fead,How much does a SaaS design agency in NYC cost
Best SaaS Design Agencies,Medium,https://medium.com,Best SaaS Design Agencies in New York | by Ayub Ansary,https://medium.com/@ayubansarybd/best-saas-design-agencies-in-new-york-2cd61b81fead,Huge
Best SaaS Design Agencies,Medium,https://medium.com,Best SaaS Design Agencies in New York | by Ayub Ansary,https://medium.com/@ayubansarybd/best-saas-design-agencies-in-new-york-2cd61b81fead,Musemind
Best SaaS Design Agencies,Medium,https://medium.com,Best SaaS Design Agencies in New York | by Ayub Ansary,https://medium.com/@ayubansarybd/best-saas-design-agencies-in-new-york-2cd61b81fead,What is a SaaS design agency in New York
Best SaaS Design Agencies,Medium,https://medium.com,Best SaaS Design Agencies in New York | by Ayub Ansary,https://medium.com/@ayubansarybd/best-saas-design-agencies-in-new-york-2cd61b81fead,Why are SaaS design costs higher in New York
Best SaaS Design Agencies,Medium,https://medium.com,Best SaaS Design Agencies in New York | by Ayub Ansary,https://medium.com/@ayubansarybd/best-saas-design-agencies-in-new-york-2cd61b81fead,Wondersauce
Best SaaS Design Agencies,Medium,https://medium.com,Best SaaS Design Agencies in New York | by Ayub Ansary,https://medium.com/@ayubansarybd/best-saas-design-agencies-in-new-york-2cd61b81fead,Work & Co
Best SaaS Design Agencies,Orbix,https://www.orbix.studio,Top SaaS Design Agencies in New York for 2026 Buyers,https://www.orbix.studio/blogs/saas-design-agencies-new-york,Big Drop Inc
Best SaaS Design Agencies,Orbix,https://www.orbix.studio,Top SaaS Design Agencies in New York for 2026 Buyers,https://www.orbix.studio/blogs/saas-design-agencies-new-york,"Compare agency fit by budget, timeline, and scope"
Best SaaS Design Agencies,Orbix,https://www.orbix.studio,Top SaaS Design Agencies in New York for 2026 Buyers,https://www.orbix.studio/blogs/saas-design-agencies-new-york,Fantasy
Best SaaS Design Agencies,Orbix,https://www.orbix.studio,Top SaaS Design Agencies in New York for 2026 Buyers,https://www.orbix.studio/blogs/saas-design-agencies-new-york,Identify your saas design needs
Best SaaS Design Agencies,Orbix,https://www.orbix.studio,Top SaaS Design Agencies in New York for 2026 Buyers,https://www.orbix.studio/blogs/saas-design-agencies-new-york,Look for proven saas industry experience
Best SaaS Design Agencies,Orbix,https://www.orbix.studio,Top SaaS Design Agencies in New York for 2026 Buyers,https://www.orbix.studio/blogs/saas-design-agencies-new-york,Major Tom
Best SaaS Design Agencies,Orbix,https://www.orbix.studio,Top SaaS Design Agencies in New York for 2026 Buyers,https://www.orbix.studio/blogs/saas-design-agencies-new-york,Momentum Design Lab
Best SaaS Design Agencies,Orbix,https://www.orbix.studio,Top SaaS Design Agencies in New York for 2026 Buyers,https://www.orbix.studio/blogs/saas-design-agencies-new-york,Review case studies for results
Best SaaS Design Agencies,Orbix,https://www.orbix.studio,Top SaaS Design Agencies in New York for 2026 Buyers,https://www.orbix.studio/blogs/saas-design-agencies-new-york,Thoughtbot
Best SaaS Design Agencies,Orbix,https://www.orbix.studio,Top SaaS Design Agencies in New York for 2026 Buyers,https://www.orbix.studio/blogs/saas-design-agencies-new-york,Utility
Best SaaS Design Agencies,Parallelhq,https://www.parallelhq.com,Best SaaS Website Design Agency: Build for Conversions,https://www.parallelhq.com/blog/saas-website-design-agency,Amply – marketing websites with SEO baked in
Best SaaS Design Agencies,Parallelhq,https://www.parallelhq.com,Best SaaS Website Design Agency: Build for Conversions,https://www.parallelhq.com/blog/saas-website-design-agency,Ask about process and collaboration
Best SaaS Design Agencies,Parallelhq,https://www.parallelhq.com,Best SaaS Website Design Agency: Build for Conversions,https://www.parallelhq.com/blog/saas-website-design-agency,Clay – sophisticated design for B2B SaaS
Best SaaS Design Agencies,Parallelhq,https://www.parallelhq.com,Best SaaS Website Design Agency: Build for Conversions,https://www.parallelhq.com/blog/saas-website-design-agency,"Complex products, short attention spans"
Best SaaS Design Agencies,Parallelhq,https://www.parallelhq.com,Best SaaS Website Design Agency: Build for Conversions,https://www.parallelhq.com/blog/saas-website-design-agency,Eleken – design‑led strategy and scalable UX
Best SaaS Design Agencies,Parallelhq,https://www.parallelhq.com,Best SaaS Website Design Agency: Build for Conversions,https://www.parallelhq.com/blog/saas-website-design-agency,Evaluate design‑to‑dev handoff
Best SaaS Design Agencies,Parallelhq,https://www.parallelhq.com,Best SaaS Website Design Agency: Build for Conversions,https://www.parallelhq.com/blog/saas-website-design-agency,High‑stakes first impressions in a crowded field
Best SaaS Design Agencies,Parallelhq,https://www.parallelhq.com,Best SaaS Website Design Agency: Build for Conversions,https://www.parallelhq.com/blog/saas-website-design-agency,"Huemor – data‑backed, conversion‑first design"
Best SaaS Design Agencies,Parallelhq,https://www.parallelhq.com,Best SaaS Website Design Agency: Build for Conversions,https://www.parallelhq.com/blog/saas-website-design-agency,"Judge by outcomes, not just visuals"
Best SaaS Design Agencies,Parallelhq,https://www.parallelhq.com,Best SaaS Website Design Agency: Build for Conversions,https://www.parallelhq.com/blog/saas-website-design-agency,Look for domain understanding
Best SaaS Design Agencies,Parallelhq,https://www.parallelhq.com,Best SaaS Website Design Agency: Build for Conversions,https://www.parallelhq.com/blog/saas-website-design-agency,Match by stage
Best SaaS Design Agencies,Parallelhq,https://www.parallelhq.com,Best SaaS Website Design Agency: Build for Conversions,https://www.parallelhq.com/blog/saas-website-design-agency,Skale – growth marketing and SEO‑led design
Best SaaS Design Agencies,Parallelhq,https://www.parallelhq.com,Best SaaS Website Design Agency: Build for Conversions,https://www.parallelhq.com/blog/saas-website-design-agency,Storytelling meets performance and brand
Best SaaS Design Agencies,Parallelhq,https://www.parallelhq.com,Best SaaS Website Design Agency: Build for Conversions,https://www.parallelhq.com/blog/saas-website-design-agency,Superside – subscription‑based design at scale
Best SaaS Design Agencies,Parallelhq,https://www.parallelhq.com,Best SaaS Website Design Agency: Build for Conversions,https://www.parallelhq.com/blog/saas-website-design-agency,What is a SaaS website design agency?
Best SaaS Design Agencies,Parallelhq,https://www.parallelhq.com,Best SaaS Website Design Agency: Build for Conversions,https://www.parallelhq.com/blog/saas-website-design-agency,Why should I invest in design now?
Best SaaS Design Agencies,Superside,https://www.superside.com,11 Best SaaS Design Agencies For Your Product in 2026,https://www.superside.com/blog/saas-design-agencies,Arounda
Best SaaS Design Agencies,Superside,https://www.superside.com,11 Best SaaS Design Agencies For Your Product in 2026,https://www.superside.com/blog/saas-design-agencies,Bop Design
Best SaaS Design Agencies,Superside,https://www.superside.com,11 Best SaaS Design Agencies For Your Product in 2026,https://www.superside.com/blog/saas-design-agencies,Brix
Best SaaS Design Agencies,Superside,https://www.superside.com,11 Best SaaS Design Agencies For Your Product in 2026,https://www.superside.com/blog/saas-design-agencies,CodeTheorem
Best SaaS Design Agencies,Superside,https://www.superside.com,11 Best SaaS Design Agencies For Your Product in 2026,https://www.superside.com/blog/saas-design-agencies,Eleken
Best SaaS Design Agencies,Superside,https://www.superside.com,11 Best SaaS Design Agencies For Your Product in 2026,https://www.superside.com/blog/saas-design-agencies,Huemor
Best SaaS Design Agencies,Superside,https://www.superside.com,11 Best SaaS Design Agencies For Your Product in 2026,https://www.superside.com/blog/saas-design-agencies,Pony
Best SaaS Design Agencies,Superside,https://www.superside.com,11 Best SaaS Design Agencies For Your Product in 2026,https://www.superside.com/blog/saas-design-agencies,RCCO
Best SaaS Design Agencies,Superside,https://www.superside.com,11 Best SaaS Design Agencies For Your Product in 2026,https://www.superside.com/blog/saas-design-agencies,Ramotion
Best SaaS Design Agencies,Superside,https://www.superside.com,11 Best SaaS Design Agencies For Your Product in 2026,https://www.superside.com/blog/saas-design-agencies,StanVision
Best SaaS Design Agencies,Superside,https://www.superside.com,11 Best SaaS Design Agencies For Your Product in 2026,https://www.superside.com/blog/saas-design-agencies,Superside
Best UX Agencies,Cieden,https://cieden.com,Best UI/UX Design Agencies in the USA for 2026,https://cieden.com/best-ui-ux-design-companies-in-usa,Cieden: best for complex B2B & SaaS
Best UX Agencies,Cieden,https://cieden.com,Best UI/UX Design Agencies in the USA for 2026,https://cieden.com/best-ui-ux-design-companies-in-usa,"Dreamten: best for small-team, big-client UX"
Best UX Agencies,Cieden,https://cieden.com,Best UI/UX Design Agencies in the USA for 2026,https://cieden.com/best-ui-ux-design-companies-in-usa,MetaLab: best for zero-to-one products
Best UX Agencies,Cieden,https://cieden.com,Best UI/UX Design Agencies in the USA for 2026,https://cieden.com/best-ui-ux-design-companies-in-usa,Momentum Design Lab: best for fortune-grade UX
Best UX Agencies,Cieden,https://cieden.com,Best UI/UX Design Agencies in the USA for 2026,https://cieden.com/best-ui-ux-design-companies-in-usa,Neuron: best for enterprise UX
Best UX Agencies,Cieden,https://cieden.com,Best UI/UX Design Agencies in the USA for 2026,https://cieden.com/best-ui-ux-design-companies-in-usa,WANDR studio: best for security-sensitive SaaS UX
Best UX Agencies,Punchcut,https://punchcut.com,Top 10 Best UI UX Design Agencies for 2026,https://punchcut.com/perspectives/best-ui-ux-design-companies-in-usa/,Blink UX
Best UX Agencies,Punchcut,https://punchcut.com,Top 10 Best UI UX Design Agencies for 2026,https://punchcut.com/perspectives/best-ui-ux-design-companies-in-usa/,Cross-Disciplinary Collaboration
Best UX Agencies,Punchcut,https://punchcut.com,Top 10 Best UI UX Design Agencies for 2026,https://punchcut.com/perspectives/best-ui-ux-design-companies-in-usa/,Designit
Best UX Agencies,Punchcut,https://punchcut.com,Top 10 Best UI UX Design Agencies for 2026,https://punchcut.com/perspectives/best-ui-ux-design-companies-in-usa/,Frog Design
Best UX Agencies,Punchcut,https://punchcut.com,Top 10 Best UI UX Design Agencies for 2026,https://punchcut.com/perspectives/best-ui-ux-design-companies-in-usa/,Huge
Best UX Agencies,Punchcut,https://punchcut.com,Top 10 Best UI UX Design Agencies for 2026,https://punchcut.com/perspectives/best-ui-ux-design-companies-in-usa/,Human-Centered Research Practice
Best UX Agencies,Punchcut,https://punchcut.com,Top 10 Best UI UX Design Agencies for 2026,https://punchcut.com/perspectives/best-ui-ux-design-companies-in-usa/,IDEO
Best UX Agencies,Punchcut,https://punchcut.com,Top 10 Best UI UX Design Agencies for 2026,https://punchcut.com/perspectives/best-ui-ux-design-companies-in-usa/,Innovation & Design Vision
Best UX Agencies,Punchcut,https://punchcut.com,Top 10 Best UI UX Design Agencies for 2026,https://punchcut.com/perspectives/best-ui-ux-design-companies-in-usa/,Method
Best UX Agencies,Punchcut,https://punchcut.com,Top 10 Best UI UX Design Agencies for 2026,https://punchcut.com/perspectives/best-ui-ux-design-companies-in-usa/,Proven UI/UX Design Portfolio & Results
Best UX Agencies,Punchcut,https://punchcut.com,Top 10 Best UI UX Design Agencies for 2026,https://punchcut.com/perspectives/best-ui-ux-design-companies-in-usa/,Punchcut
Best UX Agencies,Punchcut,https://punchcut.com,Top 10 Best UI UX Design Agencies for 2026,https://punchcut.com/perspectives/best-ui-ux-design-companies-in-usa/,Strategic Product Thinking
Best UX Agencies,Punchcut,https://punchcut.com,Top 10 Best UI UX Design Agencies for 2026,https://punchcut.com/perspectives/best-ui-ux-design-companies-in-usa/,Technical Craft & Implementation Excellence
Best Web Design Agencies,Digitalagencynetwork,https://digitalagencynetwork.com,Top Web Design Agencies in USA (2026),https://digitalagencynetwork.com/agencies/usa/web-design/,Absolute Web
Best Web Design Agencies,Digitalagencynetwork,https://digitalagencynetwork.com,Top Web Design Agencies in USA (2026),https://digitalagencynetwork.com/agencies/usa/web-design/,Actuate Media
Best Web Design Agencies,Digitalagencynetwork,https://digitalagencynetwork.com,Top Web Design Agencies in USA (2026),https://digitalagencynetwork.com/agencies/usa/web-design/,Alloy
Best Web Design Agencies,Digitalagencynetwork,https://digitalagencynetwork.com,Top Web Design Agencies in USA (2026),https://digitalagencynetwork.com/agencies/usa/web-design/,Ambaum
Best Web Design Agencies,Digitalagencynetwork,https://digitalagencynetwork.com,Top Web Design Agencies in USA (2026),https://digitalagencynetwork.com/agencies/usa/web-design/,Amsive
Best Web Design Agencies,Digitalagencynetwork,https://digitalagencynetwork.com,Top Web Design Agencies in USA (2026),https://digitalagencynetwork.com/agencies/usa/web-design/,Awesome
Best Web Design Agencies,Digitalagencynetwork,https://digitalagencynetwork.com,Top Web Design Agencies in USA (2026),https://digitalagencynetwork.com/agencies/usa/web-design/,Baunfire
Best Web Design Agencies,Digitalagencynetwork,https://digitalagencynetwork.com,Top Web Design Agencies in USA (2026),https://digitalagencynetwork.com/agencies/usa/web-design/,CI Design
Best Web Design Agencies,Digitalagencynetwork,https://digitalagencynetwork.com,Top Web Design Agencies in USA (2026),https://digitalagencynetwork.com/agencies/usa/web-design/,Canesta
Best Web Design Agencies,Digitalagencynetwork,https://digitalagencynetwork.com,Top Web Design Agencies in USA (2026),https://digitalagencynetwork.com/agencies/usa/web-design/,Clay
Best Web Design Agencies,Digitalagencynetwork,https://digitalagencynetwork.com,Top Web Design Agencies in USA (2026),https://digitalagencynetwork.com/agencies/usa/web-design/,Clear Digital
Best Web Design Agencies,Digitalagencynetwork,https://digitalagencynetwork.com,Top Web Design Agencies in USA (2026),https://digitalagencynetwork.com/agencies/usa/web-design/,Crafted
Best Web Design Agencies,Digitalagencynetwork,https://digitalagencynetwork.com,Top Web Design Agencies in USA (2026),https://digitalagencynetwork.com/agencies/usa/web-design/,DigitlHaus Agency
Best Web Design Agencies,Digitalagencynetwork,https://digitalagencynetwork.com,Top Web Design Agencies in USA (2026),https://digitalagencynetwork.com/agencies/usa/web-design/,Edesign Interactive
Best Web Design Agencies,Digitalagencynetwork,https://digitalagencynetwork.com,Top Web Design Agencies in USA (2026),https://digitalagencynetwork.com/agencies/usa/web-design/,Embark
Best Web Design Agencies,Digitalagencynetwork,https://digitalagencynetwork.com,Top Web Design Agencies in USA (2026),https://digitalagencynetwork.com/agencies/usa/web-design/,Engine Digital
Best Web Design Agencies,Digitalagencynetwork,https://digitalagencynetwork.com,Top Web Design Agencies in USA (2026),https://digitalagencynetwork.com/agencies/usa/web-design/,Flightpath
Best Web Design Agencies,Digitalagencynetwork,https://digitalagencynetwork.com,Top Web Design Agencies in USA (2026),https://digitalagencynetwork.com/agencies/usa/web-design/,Hybrid
Best Web Design Agencies,Digitalagencynetwork,https://digitalagencynetwork.com,Top Web Design Agencies in USA (2026),https://digitalagencynetwork.com/agencies/usa/web-design/,Isadora
Best Web Design Agencies,Digitalagencynetwork,https://digitalagencynetwork.com,Top Web Design Agencies in USA (2026),https://digitalagencynetwork.com/agencies/usa/web-design/,LOOP
Best Web Design Agencies,Digitalagencynetwork,https://digitalagencynetwork.com,Top Web Design Agencies in USA (2026),https://digitalagencynetwork.com/agencies/usa/web-design/,Lounge Lizard
Best Web Design Agencies,Digitalagencynetwork,https://digitalagencynetwork.com,Top Web Design Agencies in USA (2026),https://digitalagencynetwork.com/agencies/usa/web-design/,Major Tom
Best Web Design Agencies,Digitalagencynetwork,https://digitalagencynetwork.com,Top Web Design Agencies in USA (2026),https://digitalagencynetwork.com/agencies/usa/web-design/,Mobikasa
Best Web Design Agencies,Digitalagencynetwork,https://digitalagencynetwork.com,Top Web Design Agencies in USA (2026),https://digitalagencynetwork.com/agencies/usa/web-design/,Smartsites
Best Web Design Agencies,Digitalagencynetwork,https://digitalagencynetwork.com,Top Web Design Agencies in USA (2026),https://digitalagencynetwork.com/agencies/usa/web-design/,Straight North
Best Web Design Agencies,Digitalagencynetwork,https://digitalagencynetwork.com,Top Web Design Agencies in USA (2026),https://digitalagencynetwork.com/agencies/usa/web-design/,The Charles
Best Web Design Agencies,Digitalagencynetwork,https://digitalagencynetwork.com,Top Web Design Agencies in USA (2026),https://digitalagencynetwork.com/agencies/usa/web-design/,Trajectory Web Design
Best Web Design Agencies,Digitalagencynetwork,https://digitalagencynetwork.com,Top Web Design Agencies in USA (2026),https://digitalagencynetwork.com/agencies/usa/web-design/,Weberous
Best Web Design Agencies,Superside,https://www.superside.com,11 Amazing Web Design Agencies for Brands in 2026,https://www.superside.com/blog/web-design-companies,Bop Design
Best Web Design Agencies,Superside,https://www.superside.com,11 Amazing Web Design Agencies for Brands in 2026,https://www.superside.com/blog/web-design-companies,Collins
Best Web Design Agencies,Superside,https://www.superside.com,11 Amazing Web Design Agencies for Brands in 2026,https://www.superside.com/blog/web-design-companies,Digital Silk
Best Web Design Agencies,Superside,https://www.superside.com,11 Amazing Web Design Agencies for Brands in 2026,https://www.superside.com/blog/web-design-companies,IDEO
Best Web Design Agencies,Superside,https://www.superside.com,11 Amazing Web Design Agencies for Brands in 2026,https://www.superside.com/blog/web-design-companies,KOTA
Best Web Design Agencies,Superside,https://www.superside.com,11 Amazing Web Design Agencies for Brands in 2026,https://www.superside.com/blog/web-design-companies,Pentagram
Best Web Design Agencies,Superside,https://www.superside.com,11 Amazing Web Design Agencies for Brands in 2026,https://www.superside.com/blog/web-design-companies,SolveIt
Best Web Design Agencies,Superside,https://www.superside.com,11 Amazing Web Design Agencies for Brands in 2026,https://www.superside.com/blog/web-design-companies,Superside
Best Web Design Agencies,Superside,https://www.superside.com,11 Amazing Web Design Agencies for Brands in 2026,https://www.superside.com/blog/web-design-companies,Top Notch Dezigns
Best Webflow Agencies,Enzuzo,https://www.enzuzo.com,15 Best Webflow Agencies in 2026 (By Specialty & Budget),https://www.enzuzo.com/blog/webflow-agencies,Ammo
Best Webflow Agencies,Enzuzo,https://www.enzuzo.com,15 Best Webflow Agencies in 2026 (By Specialty & Budget),https://www.enzuzo.com/blog/webflow-agencies,Amply
Best Webflow Agencies,Enzuzo,https://www.enzuzo.com,15 Best Webflow Agencies in 2026 (By Specialty & Budget),https://www.enzuzo.com/blog/webflow-agencies,Black Peak
Best Webflow Agencies,Enzuzo,https://www.enzuzo.com,15 Best Webflow Agencies in 2026 (By Specialty & Budget),https://www.enzuzo.com/blog/webflow-agencies,Brand Vision
Best Webflow Agencies,Enzuzo,https://www.enzuzo.com,15 Best Webflow Agencies in 2026 (By Specialty & Budget),https://www.enzuzo.com/blog/webflow-agencies,Creative Corner
Best Webflow Agencies,Enzuzo,https://www.enzuzo.com,15 Best Webflow Agencies in 2026 (By Specialty & Budget),https://www.enzuzo.com/blog/webflow-agencies,Finsweet
Best Webflow Agencies,Enzuzo,https://www.enzuzo.com,15 Best Webflow Agencies in 2026 (By Specialty & Budget),https://www.enzuzo.com/blog/webflow-agencies,Flow Ninja
Best Webflow Agencies,Enzuzo,https://www.enzuzo.com,15 Best Webflow Agencies in 2026 (By Specialty & Budget),https://www.enzuzo.com/blog/webflow-agencies,Perpetual
Best Webflow Agencies,Enzuzo,https://www.enzuzo.com,15 Best Webflow Agencies in 2026 (By Specialty & Budget),https://www.enzuzo.com/blog/webflow-agencies,Portfolio fit
Best Webflow Agencies,Enzuzo,https://www.enzuzo.com,15 Best Webflow Agencies in 2026 (By Specialty & Budget),https://www.enzuzo.com/blog/webflow-agencies,Pragmatica
Best Webflow Agencies,Enzuzo,https://www.enzuzo.com,15 Best Webflow Agencies in 2026 (By Specialty & Budget),https://www.enzuzo.com/blog/webflow-agencies,Privacy and compliance readiness
Best Webflow Agencies,Enzuzo,https://www.enzuzo.com,15 Best Webflow Agencies in 2026 (By Specialty & Budget),https://www.enzuzo.com/blog/webflow-agencies,Project vs. retainer model
Best Webflow Agencies,Enzuzo,https://www.enzuzo.com,15 Best Webflow Agencies in 2026 (By Specialty & Budget),https://www.enzuzo.com/blog/webflow-agencies,Refokus
Best Webflow Agencies,Enzuzo,https://www.enzuzo.com,15 Best Webflow Agencies in 2026 (By Specialty & Budget),https://www.enzuzo.com/blog/webflow-agencies,SVZ
Best Webflow Agencies,Enzuzo,https://www.enzuzo.com,15 Best Webflow Agencies in 2026 (By Specialty & Budget),https://www.enzuzo.com/blog/webflow-agencies,Uroboro
Best Webflow Agencies,Enzuzo,https://www.enzuzo.com,15 Best Webflow Agencies in 2026 (By Specialty & Budget),https://www.enzuzo.com/blog/webflow-agencies,Veza Digital
Best Webflow Agencies,Enzuzo,https://www.enzuzo.com,15 Best Webflow Agencies in 2026 (By Specialty & Budget),https://www.enzuzo.com/blog/webflow-agencies,ViDesigns
Best Webflow Agencies,Enzuzo,https://www.enzuzo.com,15 Best Webflow Agencies in 2026 (By Specialty & Budget),https://www.enzuzo.com/blog/webflow-agencies,YVORI
Best Webflow Agencies,Flowninja,https://www.flowninja.com,12 Best Webflow Agencies in 2026 (Full Breakdown & ...,https://www.flowninja.com/blog/best-webflow-agencies,Creative Corner - The all-around Webflow agency
Best Webflow Agencies,Flowninja,https://www.flowninja.com,12 Best Webflow Agencies in 2026 (Full Breakdown & ...,https://www.flowninja.com/blog/best-webflow-agencies,Refokus — A design focused Webflow agency
Best Webflow Agencies,Flowninja,https://www.flowninja.com,12 Best Webflow Agencies in 2026 (Full Breakdown & ...,https://www.flowninja.com/blog/best-webflow-agencies,Tonik — A no-code product development agency
Best Webflow Agencies,Getmiyagi,https://www.getmiyagi.com,US Webflow Agencies Compared: Which One Should You Hire?,https://www.getmiyagi.com/post/best-webflow-agencies-in-the-us,Better Mistakes
Best Webflow Agencies,Getmiyagi,https://www.getmiyagi.com,US Webflow Agencies Compared: Which One Should You Hire?,https://www.getmiyagi.com/post/best-webflow-agencies-in-the-us,Check how they think about ongoing work
Best Webflow Agencies,Getmiyagi,https://www.getmiyagi.com,US Webflow Agencies Compared: Which One Should You Hire?,https://www.getmiyagi.com/post/best-webflow-agencies-in-the-us,Clear positioning and specialisation
Best Webflow Agencies,Getmiyagi,https://www.getmiyagi.com,US Webflow Agencies Compared: Which One Should You Hire?,https://www.getmiyagi.com/post/best-webflow-agencies-in-the-us,Consistency and relevance today
Best Webflow Agencies,Getmiyagi,https://www.getmiyagi.com,US Webflow Agencies Compared: Which One Should You Hire?,https://www.getmiyagi.com/post/best-webflow-agencies-in-the-us,Foursets
Best Webflow Agencies,Getmiyagi,https://www.getmiyagi.com,US Webflow Agencies Compared: Which One Should You Hire?,https://www.getmiyagi.com/post/best-webflow-agencies-in-the-us,Halo Lab
Best Webflow Agencies,Getmiyagi,https://www.getmiyagi.com,US Webflow Agencies Compared: Which One Should You Hire?,https://www.getmiyagi.com/post/best-webflow-agencies-in-the-us,Juice
Best Webflow Agencies,Getmiyagi,https://www.getmiyagi.com,US Webflow Agencies Compared: Which One Should You Hire?,https://www.getmiyagi.com/post/best-webflow-agencies-in-the-us,"Look for Webflow depth, not just Webflow mentions"
Best Webflow Agencies,Getmiyagi,https://www.getmiyagi.com,US Webflow Agencies Compared: Which One Should You Hire?,https://www.getmiyagi.com/post/best-webflow-agencies-in-the-us,Match the agency to your project type
Best Webflow Agencies,Getmiyagi,https://www.getmiyagi.com,US Webflow Agencies Compared: Which One Should You Hire?,https://www.getmiyagi.com/post/best-webflow-agencies-in-the-us,Noomo Agency
Best Webflow Agencies,Getmiyagi,https://www.getmiyagi.com,US Webflow Agencies Compared: Which One Should You Hire?,https://www.getmiyagi.com/post/best-webflow-agencies-in-the-us,Pay attention to process and communication
Best Webflow Agencies,Getmiyagi,https://www.getmiyagi.com,US Webflow Agencies Compared: Which One Should You Hire?,https://www.getmiyagi.com/post/best-webflow-agencies-in-the-us,Real Webflow work had to be visible
Best Webflow Agencies,Getmiyagi,https://www.getmiyagi.com,US Webflow Agencies Compared: Which One Should You Hire?,https://www.getmiyagi.com/post/best-webflow-agencies-in-the-us,Responsival
Best Webflow Agencies,Getmiyagi,https://www.getmiyagi.com,US Webflow Agencies Compared: Which One Should You Hire?,https://www.getmiyagi.com/post/best-webflow-agencies-in-the-us,SVZ Design
Best Webflow Agencies,Macu,https://www.macu.studio,16 Webflow Agencies That Are World Class,https://www.macu.studio/blogs/best-webflow-agencies,BX Studio
Best Webflow Agencies,Macu,https://www.macu.studio,16 Webflow Agencies That Are World Class,https://www.macu.studio/blogs/best-webflow-agencies,Basement Studios
Best Webflow Agencies,Macu,https://www.macu.studio,16 Webflow Agencies That Are World Class,https://www.macu.studio/blogs/best-webflow-agencies,Black Pepper Studio
Best Webflow Agencies,Macu,https://www.macu.studio,16 Webflow Agencies That Are World Class,https://www.macu.studio/blogs/best-webflow-agencies,Digidop
Best Webflow Agencies,Macu,https://www.macu.studio,16 Webflow Agencies That Are World Class,https://www.macu.studio/blogs/best-webflow-agencies,Edgar Allan
Best Webflow Agencies,Macu,https://www.macu.studio,16 Webflow Agencies That Are World Class,https://www.macu.studio/blogs/best-webflow-agencies,Flowninja
Best Webflow Agencies,Macu,https://www.macu.studio,16 Webflow Agencies That Are World Class,https://www.macu.studio/blogs/best-webflow-agencies,Flowout
Best Webflow Agencies,Macu,https://www.macu.studio,16 Webflow Agencies That Are World Class,https://www.macu.studio/blogs/best-webflow-agencies,Fri3nds
Best Webflow Agencies,Macu,https://www.macu.studio,16 Webflow Agencies That Are World Class,https://www.macu.studio/blogs/best-webflow-agencies,Goodside Studio
Best Webflow Agencies,Macu,https://www.macu.studio,16 Webflow Agencies That Are World Class,https://www.macu.studio/blogs/best-webflow-agencies,Juice Agency
Best Webflow Agencies,Macu,https://www.macu.studio,16 Webflow Agencies That Are World Class,https://www.macu.studio/blogs/best-webflow-agencies,Macu Studio
Best Webflow Agencies,Macu,https://www.macu.studio,16 Webflow Agencies That Are World Class,https://www.macu.studio/blogs/best-webflow-agencies,Proctor & Stevenson
Best Webflow Agencies,Macu,https://www.macu.studio,16 Webflow Agencies That Are World Class,https://www.macu.studio/blogs/best-webflow-agencies,Unseen
Best Webflow Agencies,Social-Hire,https://social-hire.com,5 Best Webflow Agencies to Create Small Business Portfolios,https://social-hire.com/blog/small-business/5-best-webflow-agencies-to-create-small-business-portfolios,Blushush
Best Webflow Agencies,Social-Hire,https://social-hire.com,5 Best Webflow Agencies to Create Small Business Portfolios,https://social-hire.com/blog/small-business/5-best-webflow-agencies-to-create-small-business-portfolios,Creative Corner Studio
Best Webflow Agencies,Social-Hire,https://social-hire.com,5 Best Webflow Agencies to Create Small Business Portfolios,https://social-hire.com/blog/small-business/5-best-webflow-agencies-to-create-small-business-portfolios,Epic Slope Partners
Best Webflow Agencies,Social-Hire,https://social-hire.com,5 Best Webflow Agencies to Create Small Business Portfolios,https://social-hire.com/blog/small-business/5-best-webflow-agencies-to-create-small-business-portfolios,Pixeto
