Category,Rank,Title,URL,Source Query
Best UX Agencies,1,Who are the best product design agencies out there?,https://www.reddit.com/r/userexperience/comments/1do5h9r/who_are_the_best_product_design_agencies_out_there/,https://www.google.com/search?q=best+ux+agencies&gl=us&hl=en&pws=0
Best UX Agencies,2,Top 10 UX design agencies to work with - June 2026,https://www.uxstudioteam.com/ux-blog/top-ux-agencies,https://www.google.com/search?q=best+ux+agencies&gl=us&hl=en&pws=0
Best UX Agencies,3,Top UI/UX Design Agencies - Jun 2026 Rankings,https://clutch.co/agencies/ui-ux,https://www.google.com/search?q=best+ux+agencies&gl=us&hl=en&pws=0
Best UX Agencies,4,The Best UX Design Agencies in 2026 (Reviewed by ...,https://www.awesomic.com/blog/ux-design-agencies,https://www.google.com/search?q=best+ux+agencies&gl=us&hl=en&pws=0
Best UX Agencies,5,6 of the Best UX Design Agencies in the San Francisco Bay,https://designmap.com/ideas/best-ux-design-agencies-san-francisco,https://www.google.com/search?q=best+ux+agencies&gl=us&hl=en&pws=0
Best UX Agencies,6,Top 10+ UI/UX Design Agencies - 2026 Reviews,https://www.goodfirms.co/directory/services/top-web-design-companies/user-experience,https://www.google.com/search?q=best+ux+agencies&gl=us&hl=en&pws=0
Best UX Agencies,7,UX UI Design Agency New York - NY | Neuron,https://www.neuronux.com/ny,https://www.google.com/search?q=best+ux+agencies&gl=us&hl=en&pws=0
Best UX Agencies,8,Top UX Design Agencies and Why Modern Enterprises ...,https://www.method.com/insights/top-ux-agencies/,https://www.google.com/search?q=best+ux+agencies&gl=us&hl=en&pws=0
Best UX Agencies,9,The Top 10 UX Design Agencies Right Now,https://bestservices.reviews/top-ux-design-agencies/,https://www.google.com/search?q=best+ux+agencies&gl=us&hl=en&pws=0
Best UX Agencies,10,Top 25 UI/UX Design Agencies to Work With In June 2026,https://linkupst.com/design/blog-design/top-ui-ux-agencies,https://www.google.com/search?q=best+ux+design+agencies+united+states&gl=us&hl=en&pws=0
Best UX Agencies,11,Top companies with reputable UX teams,https://www.reddit.com/r/userexperience/comments/1axgwre/what_companies_are_considered_top_of_the_list_in/,https://www.google.com/search?q=best+ux+design+agencies+united+states&gl=us&hl=en&pws=0
Best UX Agencies,12,Best UI/UX Design Agencies in the USA for 2026,https://cieden.com/best-ui-ux-design-companies-in-usa,https://www.google.com/search?q=best+ux+design+agencies+united+states&gl=us&hl=en&pws=0
Best UX Agencies,13,Top UI UX Design Agencies: Design Agencies to Work With,https://excited.agency/blog/top-ui-ux-design-agencies,https://www.google.com/search?q=best+ux+design+agencies+united+states&gl=us&hl=en&pws=0
Best UX Agencies,14,"UIDesignz: Best UI UX Design Company in Los Angeles, USA",https://uidesignz.com/,https://www.google.com/search?q=best+ux+design+agencies+united+states&gl=us&hl=en&pws=0
Best UX Agencies,15,Top 10 Best UI UX Design Agencies for 2026,https://punchcut.com/perspectives/best-ui-ux-design-companies-in-usa/,https://www.google.com/search?q=best+ux+design+agencies+united+states&gl=us&hl=en&pws=0
Best UX Agencies,16,Top 6 UI UX Design Agencies in New York (Updated 2026),https://medium.com/@designstudiouiux/top-6-ui-ux-design-agencies-in-new-york-a10c0f963d24,https://www.google.com/search?q=top+ux+agencies+usa&gl=us&hl=en&pws=0
Best UX Agencies,17,Top UI/UX Design Agency in USA | Award-Winning Studio,https://lollypop.design/ui-ux-design-agency-in-usa/,https://www.google.com/search?q=top+ux+agencies+usa&gl=us&hl=en&pws=0
Best UX Agencies,18,Top UX Designers in the United States - Jun 2026 Rankings,https://clutch.co/us/agencies/ui-ux,https://www.google.com/search?q=best+ux+design+agencies+north+america&gl=us&hl=en&pws=0
Best UX Agencies,19,Top UX Design Agencies of 2026,https://agency.uxplanet.org/,https://www.google.com/search?q=best+ux+design+agencies+north+america&gl=us&hl=en&pws=0
Best UX Agencies,20,Top 20 UX Design Agencies in USA,https://www.weappitright.com/blogs/ux-design-agencies/,https://www.google.com/search?q=best+ux+design+agencies+north+america&gl=us&hl=en&pws=0
Best UX Agencies,21,Top UX Designers in Philadelphia - Jun 2026 Rankings,https://clutch.co/agencies/ui-ux/philadelphia,https://www.google.com/search?q=best+ux+agencies+site%3Aclutch.co&gl=us&hl=en&pws=0
Best UX Agencies,22,Top UX Design Agencies in Seattle - Jun 2026 Rankings,https://clutch.co/agencies/ui-ux/seattle,https://www.google.com/search?q=best+ux+agencies+site%3Aclutch.co&gl=us&hl=en&pws=0
Best UX Agencies,23,Top UX Design Agencies in Atlanta - Jun 2026 Rankings,https://clutch.co/agencies/ui-ux/atlanta,https://www.google.com/search?q=best+ux+agencies+site%3Aclutch.co&gl=us&hl=en&pws=0
Best UX Agencies,24,Top UX Design Agencies in Buffalo - Jun 2026 Rankings,https://clutch.co/agencies/ui-ux/buffalo,https://www.google.com/search?q=best+ux+agencies+site%3Aclutch.co&gl=us&hl=en&pws=0
Best UX Agencies,25,Top UX Designers in Portland - Jun 2026 Rankings,https://clutch.co/agencies/ui-ux/portland,https://www.google.com/search?q=best+ux+agencies+site%3Aclutch.co&gl=us&hl=en&pws=0
Best UX Agencies,26,Top UX Design Agencies in Pittsburgh - Jun 2026 Rankings,https://clutch.co/agencies/ui-ux/pittsburgh,https://www.google.com/search?q=best+ux+agencies+site%3Aclutch.co&gl=us&hl=en&pws=0
Best UX Agencies,27,Top UX Design Agencies in Boston - Jun 2026 Rankings,https://clutch.co/agencies/ui-ux/boston,https://www.google.com/search?q=best+ux+agencies+site%3Aclutch.co&gl=us&hl=en&pws=0
Best UX Agencies,28,UX/UI Services Guide,https://clutch.co/agencies/ui-ux/service-guide,https://www.google.com/search?q=best+ux+agencies+site%3Aclutch.co&gl=us&hl=en&pws=0
Best UX Agencies,29,Top UI/UX Design Agencies in the USA,https://www.designrush.com/agency/ui-ux-design/us,https://www.google.com/search?q=best+ux+agencies+site%3Adesignrush.com&gl=us&hl=en&pws=0
Best UX Agencies,30,Top UI/UX Design Agencies in Tennessee | 2026,https://www.designrush.com/agency/ui-ux-design/tennessee,https://www.google.com/search?q=best+ux+agencies+site%3Adesignrush.com&gl=us&hl=en&pws=0
Best UX Agencies,31,Top UI/UX Design Agencies in North Carolina | 2026,https://www.designrush.com/agency/ui-ux-design/north-carolina,https://www.google.com/search?q=best+ux+agencies+site%3Adesignrush.com&gl=us&hl=en&pws=0
Best UX Agencies,32,Top UI/UX Design Agencies in Richmond | 2026,https://www.designrush.com/agency/ui-ux-design/virginia/richmond,https://www.google.com/search?q=best+ux+agencies+site%3Adesignrush.com&gl=us&hl=en&pws=0
Best UX Agencies,33,Top UI/UX Design Agencies in Phoenix | 2026,https://www.designrush.com/agency/ui-ux-design/arizona/phoenix,https://www.google.com/search?q=best+ux+agencies+site%3Adesignrush.com&gl=us&hl=en&pws=0
Best UX Agencies,34,Top UI/UX Design Agencies in Michigan | 2026,https://www.designrush.com/agency/ui-ux-design/michigan,https://www.google.com/search?q=best+ux+agencies+site%3Adesignrush.com&gl=us&hl=en&pws=0
Best UX Agencies,35,20 Best Manhattan Web Design & Development Agencies,https://www.designrush.com/agency/website-design-development/trends/best-manhattan-web-design-and-development-agencies,https://www.google.com/search?q=best+ux+agencies+site%3Adesignrush.com&gl=us&hl=en&pws=0
Best UX Agencies,36,How To Do a UX Audit: Complete Step-by-Step Guide + ...,https://www.designrush.com/agency/ui-ux-design/trends/ux-audit,https://www.google.com/search?q=best+ux+agencies+site%3Adesignrush.com&gl=us&hl=en&pws=0
Best UX Agencies,37,Top Web Design & Development Agencies to Hire in 2026,https://news.designrush.com/top-web-design-dev-agencies-hire-2026,https://www.google.com/search?q=best+ux+agencies+site%3Adesignrush.com&gl=us&hl=en&pws=0
Best UX Agencies,38,Top UI/UX Design Agencies in Connecticut | 2026,https://www.designrush.com/agency/ui-ux-design/connecticut,https://www.google.com/search?q=best+ux+agencies+site%3Adesignrush.com&gl=us&hl=en&pws=0
Best UX Agencies,39,Top 10+ UI/UX Design Agencies - 2026 Reviews,https://www.goodfirms.co/directory/services/top-web-design-companies/user-experience?page=107,https://www.google.com/search?q=best+ux+agencies+site%3Agoodfirms.co&gl=us&hl=en&pws=0
Best UX Agencies,40,How to Find the Best Web Design Companies ( The Definitive ...,https://www.goodfirms.co/blog/find-the-best-web-design-companies,https://www.google.com/search?q=best+ux+agencies+site%3Agoodfirms.co&gl=us&hl=en&pws=0
Best UX Agencies,41,Business-Centric User Experience Vs. Customer- ...,https://www.goodfirms.co/blog/business-centric-user-experience-vs-customer-centric-user-experience,https://www.google.com/search?q=best+ux+agencies+site%3Agoodfirms.co&gl=us&hl=en&pws=0
Best UX Agencies,42,Top New York Web Design Companies - 2026 Reviews,https://www.goodfirms.co/directory/state/top-web-design-companies/new-york,https://www.google.com/search?q=best+ux+agencies+site%3Agoodfirms.co&gl=us&hl=en&pws=0
Best UX Agencies,43,Top 10+ UI/UX Design Agencies - 2026 Reviews,https://www.goodfirms.co/directory/services/top-web-design-companies/user-experience?page=115,https://www.google.com/search?q=best+ux+agencies+site%3Agoodfirms.co&gl=us&hl=en&pws=0
Best UX Agencies,44,Top Digital Design Agencies in New Zealand - 2026 Reviews,https://www.goodfirms.co/directory/country/top-web-design-companies/digital/new-zealand,https://www.google.com/search?q=best+ux+agencies+site%3Agoodfirms.co&gl=us&hl=en&pws=0
Best UX Agencies,45,Top Digital Design Agencies in Chicago - 2026 Reviews,https://www.goodfirms.co/directory/city/top-web-design-companies/digital/chicago,https://www.google.com/search?q=best+ux+agencies+site%3Agoodfirms.co&gl=us&hl=en&pws=0
Best UX Agencies,46,Top 10+ UI/UX Design Agencies - 2026 Reviews,https://www.goodfirms.co/directory/services/top-web-design-companies/user-experience?page=193,https://www.google.com/search?q=best+ux+agencies+site%3Agoodfirms.co&gl=us&hl=en&pws=0
Best UX Agencies,47,Top Digital Design Agencies in Gurgaon - 2026 Reviews,https://www.goodfirms.co/directory/city/top-web-design-companies/digital/gurgaon,https://www.google.com/search?q=best+ux+agencies+site%3Agoodfirms.co&gl=us&hl=en&pws=0
Best UX Agencies,48,The Best User Experience Companies - Jun 2026 | The Manifest,https://themanifest.com/user-experience/agencies,https://www.google.com/search?q=best+ux+agencies+site%3Athemanifest.com&gl=us&hl=en&pws=0
Best UX Agencies,49,12 Leading UX Agencies for Growing Brands - Manifest,https://themanifest.com/blog/leading-ux-agencies-for-growing-brands,https://www.google.com/search?q=best+ux+agencies+site%3Athemanifest.com&gl=us&hl=en&pws=0
Best UX Agencies,50,The Best User Experience Companies in Seattle - May 2026,https://themanifest.com/user-experience/agencies/seattle,https://www.google.com/search?q=best+ux+agencies+site%3Athemanifest.com&gl=us&hl=en&pws=0
Best UX Agencies,51,The Best User Experience Companies in New York City - Jun,https://themanifest.com/user-experience/agencies/new-york,https://www.google.com/search?q=best+ux+agencies+site%3Athemanifest.com&gl=us&hl=en&pws=0
Best UX Agencies,52,The Best User Experience Companies in Connecticut - Apr 2026,https://themanifest.com/user-experience/agencies/connecticut,https://www.google.com/search?q=best+ux+agencies+site%3Athemanifest.com&gl=us&hl=en&pws=0
Best UX Agencies,53,10 Best Web Design Agencies for Business Growth in 2026,https://themanifest.com/blog/best-web-design-companies,https://www.google.com/search?q=best+ux+agencies+site%3Athemanifest.com&gl=us&hl=en&pws=0
Best UX Agencies,54,The Best User Experience Companies - Apr 2026 | The Manifest,https://themanifest.com/user-experience/agencies?page=453&source=post_page---------------------------,https://www.google.com/search?q=best+ux+agencies+site%3Athemanifest.com&gl=us&hl=en&pws=0
Best UX Agencies,55,The Best UX Strategy Companies in Los Angeles - Manifest,https://themanifest.com/user-experience/ux-strategy/agencies/los-angeles?page=2,https://www.google.com/search?q=best+ux+agencies+site%3Athemanifest.com&gl=us&hl=en&pws=0
Best UX Agencies,56,The Best User Experience Companies - Mar 2026 | The Manifest,https://themanifest.com/user-experience/agencies?page=94&source=post_page---------------------------,https://www.google.com/search?q=best+ux+agencies+site%3Athemanifest.com&gl=us&hl=en&pws=0
Best UX Agencies,57,Top 100 User Experience (UX) Agencies in Poland - Manifest,https://themanifest.com/pl/user-experience/agencies,https://www.google.com/search?q=best+ux+agencies+site%3Athemanifest.com&gl=us&hl=en&pws=0
Best Web Design Agencies,1,Best Web Agencies Websites,https://www.awwwards.com/websites/design-agencies/,https://www.google.com/search?q=best+web+design+agencies&gl=us&hl=en&pws=0
Best Web Design Agencies,2,Top 10 Web Design Agencies: Find Which One is Best for You,https://excited.agency/blog/top-10-web-design-agencies,https://www.google.com/search?q=best+web+design+agencies&gl=us&hl=en&pws=0
Best Web Design Agencies,3,Best web design company / agency : r/webdesign,https://www.reddit.com/r/webdesign/comments/1h54bpc/best_web_design_company_agency/,https://www.google.com/search?q=best+web+design+agencies&gl=us&hl=en&pws=0
Best Web Design Agencies,4,Top Web Design Companies - Jun 2026 Rankings,https://clutch.co/web-designers,https://www.google.com/search?q=best+web+design+agencies&gl=us&hl=en&pws=0
Best Web Design Agencies,5,Best Web Design Companies & Developers (Top 26 ...,https://www.10bestdesign.com/firms/,https://www.google.com/search?q=best+web+design+agencies&gl=us&hl=en&pws=0
Best Web Design Agencies,6,Best Agency Sites | Web Design Inspiration,https://bestagencysites.com/,https://www.google.com/search?q=best+web+design+agencies&gl=us&hl=en&pws=0
Best Web Design Agencies,7,Top Web Design Agencies to Hire in June 2026,https://www.50pros.com/hire/web-design,https://www.google.com/search?q=best+web+design+agencies&gl=us&hl=en&pws=0
Best Web Design Agencies,8,What are your favorite web design agency websites? (2023),https://www.reddit.com/r/web_design/comments/17wykj2/what_are_your_favorite_web_design_agency_websites/,https://www.google.com/search?q=best+web+design+agencies&gl=us&hl=en&pws=0
Best Web Design Agencies,9,The Best Web Design Agencies in 2026 (Reviewed by ...,https://www.awesomic.com/blog/web-design-agencies,https://www.google.com/search?q=best+web+design+agencies&gl=us&hl=en&pws=0
Best Web Design Agencies,10,Web Design Agency in the USA,https://www.orbitmedia.com/web-design/usa/,https://www.google.com/search?q=top+web+design+agencies+usa&gl=us&hl=en&pws=0
Best Web Design Agencies,11,Top Web Design Agencies in USA (2026),https://digitalagencynetwork.com/agencies/usa/web-design/,https://www.google.com/search?q=top+web+design+agencies+usa&gl=us&hl=en&pws=0
Best Web Design Agencies,12,11 Amazing Web Design Agencies for Brands in 2026,https://www.superside.com/blog/web-design-companies,https://www.google.com/search?q=top+web+design+agencies+usa&gl=us&hl=en&pws=0
Best Web Design Agencies,13,Los Angeles Web Design Company | SPINX Digital Agency,https://www.spinxdigital.com/,https://www.google.com/search?q=top+web+design+agencies+usa&gl=us&hl=en&pws=0
Best Web Design Agencies,14,Americaneagle.com | Web Design Company | Digital ...,https://www.americaneagle.com/,https://www.google.com/search?q=top+web+design+agencies+usa&gl=us&hl=en&pws=0
Best Web Design Agencies,15,Best web design and development companies in the USA? ...,https://www.reddit.com/r/website/comments/1sl3k1x/best_web_design_and_development_companies_in_the/,https://www.google.com/search?q=best+website+design+companies+united+states&gl=us&hl=en&pws=0
Best Web Design Agencies,16,Top Web Design Companies in the United States,https://techreviewer.co/top-web-design-companies/united-states,https://www.google.com/search?q=best+website+design+companies+united+states&gl=us&hl=en&pws=0
Best Web Design Agencies,17,Best Web Design Companies,https://www.forbes.com/advisor/business/software/best-web-design-company/,https://www.google.com/search?q=best+website+design+companies+united+states&gl=us&hl=en&pws=0
Best Web Design Agencies,18,Top New York City Web Designers - Jun 2026 Rankings,https://clutch.co/web-designers/new-york,https://www.google.com/search?q=best+web+design+agencies+site%3Aclutch.co&gl=us&hl=en&pws=0
Best Web Design Agencies,19,Top Web Design Companies in the United Kingdom,https://clutch.co/web-designers/uk,https://www.google.com/search?q=best+web+design+agencies+site%3Aclutch.co&gl=us&hl=en&pws=0
Best Web Design Agencies,20,Top Web Design Companies in Los Angeles,https://clutch.co/web-designers/los-angeles,https://www.google.com/search?q=best+web+design+agencies+site%3Aclutch.co&gl=us&hl=en&pws=0
Best Web Design Agencies,21,"Top Web Designers in San Francisco, CA",https://clutch.co/web-designers/san-francisco,https://www.google.com/search?q=best+web+design+agencies+site%3Aclutch.co&gl=us&hl=en&pws=0
Best Web Design Agencies,22,Top Atlanta Web Design Agencies - Jun 2026 Rankings,https://clutch.co/web-designers/atlanta,https://www.google.com/search?q=best+web+design+agencies+site%3Aclutch.co&gl=us&hl=en&pws=0
Best Web Design Agencies,23,Top Web Design Agencies in California - Jun 2026 Rankings,https://clutch.co/web-designers/california,https://www.google.com/search?q=best+web+design+agencies+site%3Aclutch.co&gl=us&hl=en&pws=0
Best Web Design Agencies,24,Top Denver Web Designers - Jun 2026 Rankings,https://clutch.co/web-designers/denver,https://www.google.com/search?q=best+web+design+agencies+site%3Aclutch.co&gl=us&hl=en&pws=0
Best Web Design Agencies,25,Top Web Design Agencies in Texas - Jun 2026 Rankings,https://clutch.co/web-designers/texas,https://www.google.com/search?q=best+web+design+agencies+site%3Aclutch.co&gl=us&hl=en&pws=0
Best Web Design Agencies,26,Web Design Trends,https://clutch.co/resources/design/web-design,https://www.google.com/search?q=best+web+design+agencies+site%3Aclutch.co&gl=us&hl=en&pws=0
Best Web Design Agencies,27,Top US Website Design Companies - Jun 2026,https://www.designrush.com/agency/website-design-development/us,https://www.google.com/search?q=best+web+design+agencies+site%3Adesignrush.com&gl=us&hl=en&pws=0
Best Web Design Agencies,28,Best Website Designers NYC - New York,https://www.designrush.com/agency/website-design-development/new-york/new-york-city,https://www.google.com/search?q=best+web+design+agencies+site%3Adesignrush.com&gl=us&hl=en&pws=0
Best Web Design Agencies,29,Top San Diego Website Design Companies | 2026,https://www.designrush.com/agency/website-design-development/california/san-diego,https://www.google.com/search?q=best+web+design+agencies+site%3Adesignrush.com&gl=us&hl=en&pws=0
Best Web Design Agencies,30,DesignRush | Brand Discovery Platform & Agency Directory,https://www.designrush.com/,https://www.google.com/search?q=best+web+design+agencies+site%3Adesignrush.com&gl=us&hl=en&pws=0
Best Web Design Agencies,31,Top Web Design Companies in the United Kingdom | 2026,https://www.designrush.com/agency/website-design-development/uk,https://www.google.com/search?q=best+web+design+agencies+site%3Adesignrush.com&gl=us&hl=en&pws=0
Best Web Design Agencies,32,How To Choose a Web Design Agency in 9 Easy Steps,https://www.designrush.com/agency/website-design-development/trends/how-to-choose-a-web-design-agency,https://www.google.com/search?q=best+web+design+agencies+site%3Adesignrush.com&gl=us&hl=en&pws=0
Best Web Design Agencies,33,Top Denver Web Design Companies | 2026,https://www.designrush.com/agency/website-design-development/colorado/denver,https://www.google.com/search?q=best+web+design+agencies+site%3Adesignrush.com&gl=us&hl=en&pws=0
Best Web Design Agencies,34,Top Web Design Companies In Texas | 2026,https://www.designrush.com/agency/website-design-development/texas,https://www.google.com/search?q=best+web+design+agencies+site%3Adesignrush.com&gl=us&hl=en&pws=0
Best Web Design Agencies,35,Web Design Agency Marketplace - Get Free Proposals,https://www.designrush.com/marketplace/web-design,https://www.google.com/search?q=best+web+design+agencies+site%3Adesignrush.com&gl=us&hl=en&pws=0
Best Web Design Agencies,36,Best Website Designs of 2026,https://www.designrush.com/best-designs/websites,https://www.google.com/search?q=best+web+design+agencies+site%3Adesignrush.com&gl=us&hl=en&pws=0
Best Web Design Agencies,37,Top Web Design Companies & Designers - 2026 Reviews,https://www.goodfirms.co/directory/platforms/top-web-design-companies,https://www.google.com/search?q=best+web+design+agencies+site%3Agoodfirms.co&gl=us&hl=en&pws=0
Best Web Design Agencies,38,Top New York Web Design Companies - 2026 Reviews,https://www.goodfirms.co/directory/state/top-web-design-companies/new-york,https://www.google.com/search?q=best+web+design+agencies+site%3Agoodfirms.co&gl=us&hl=en&pws=0
Best Web Design Agencies,39,How to Find the Best Web Design Companies ( The Definitive ...,https://www.goodfirms.co/blog/find-the-best-web-design-companies,https://www.google.com/search?q=best+web+design+agencies+site%3Agoodfirms.co&gl=us&hl=en&pws=0
Best Web Design Agencies,40,Top Web Design Companies in San Diego - 2026 Reviews,https://www.goodfirms.co/directory/city/top-web-design-companies/san-diego,https://www.google.com/search?q=best+web+design+agencies+site%3Agoodfirms.co&gl=us&hl=en&pws=0
Best Web Design Agencies,41,Website Design Stats and Trends for Small Businesses,https://www.goodfirms.co/resources/web-design-research-small-business,https://www.google.com/search?q=best+web+design+agencies+site%3Agoodfirms.co&gl=us&hl=en&pws=0
Best Web Design Agencies,42,Top California Web Designers - 2026 Reviews,https://www.goodfirms.co/directory/state/top-web-design-companies/california,https://www.google.com/search?q=best+web+design+agencies+site%3Agoodfirms.co&gl=us&hl=en&pws=0
Best Web Design Agencies,43,Top Web Design Companies in Dallas - 2026 Reviews,https://www.goodfirms.co/directory/city/top-web-design-companies/dallas,https://www.google.com/search?q=best+web+design+agencies+site%3Agoodfirms.co&gl=us&hl=en&pws=0
Best Web Design Agencies,44,Top 30+ Ohio Web Design Companies - 2026 Reviews,https://www.goodfirms.co/directory/state/top-web-design-companies/ohio,https://www.google.com/search?q=best+web+design+agencies+site%3Agoodfirms.co&gl=us&hl=en&pws=0
Best Web Design Agencies,45,Top Web Design Companies in Las Vegas,https://www.goodfirms.co/directory/city/top-web-design-companies/las-vegas,https://www.google.com/search?q=best+web+design+agencies+site%3Agoodfirms.co&gl=us&hl=en&pws=0
Best Web Design Agencies,46,Top Michigan Web Designers - 2026 Reviews,https://www.goodfirms.co/directory/state/top-web-design-companies/michigan,https://www.google.com/search?q=best+web+design+agencies+site%3Agoodfirms.co&gl=us&hl=en&pws=0
Best Web Design Agencies,47,The Best Web Design Companies - Jun 2026 | The Manifest,https://themanifest.com/web-design/agencies,https://www.google.com/search?q=best+web+design+agencies+site%3Athemanifest.com&gl=us&hl=en&pws=0
Best Web Design Agencies,48,10 Best Web Design Agencies for Business Growth in 2026,https://themanifest.com/blog/best-web-design-companies,https://www.google.com/search?q=best+web+design+agencies+site%3Athemanifest.com&gl=us&hl=en&pws=0
Best Web Design Agencies,49,The Best Web Design Companies in New York City - Jun 2026,https://themanifest.com/web-design/agencies/freelance/new-york,https://www.google.com/search?q=best+web+design+agencies+site%3Athemanifest.com&gl=us&hl=en&pws=0
Best Web Design Agencies,50,The Best Web Design Companies in Illinois - Jun 2026,https://themanifest.com/web-design/agencies/illinois,https://www.google.com/search?q=best+web+design+agencies+site%3Athemanifest.com&gl=us&hl=en&pws=0
Best Web Design Agencies,51,The Best Web Design Companies in Las Vegas - Apr 2026,https://themanifest.com/web-design/agencies/las-vegas,https://www.google.com/search?q=best+web+design+agencies+site%3Athemanifest.com&gl=us&hl=en&pws=0
Best Web Design Agencies,52,The Best Web Design Companies in New Jersey - Jun 2026,https://themanifest.com/web-design/agencies/new-jersey,https://www.google.com/search?q=best+web+design+agencies+site%3Athemanifest.com&gl=us&hl=en&pws=0
Best Web Design Agencies,53,The Best Web Design Companies in South Carolina - Jun 2026,https://themanifest.com/web-design/agencies/south-carolina,https://www.google.com/search?q=best+web+design+agencies+site%3Athemanifest.com&gl=us&hl=en&pws=0
Best Web Design Agencies,54,The Best Web Design Companies in Nebraska - Apr 2026,https://themanifest.com/web-design/agencies/nebraska,https://www.google.com/search?q=best+web+design+agencies+site%3Athemanifest.com&gl=us&hl=en&pws=0
Best Web Design Agencies,55,The Best Web Design Companies in Indiana - Jun 2026,https://themanifest.com/web-design/agencies/indiana,https://www.google.com/search?q=best+web+design+agencies+site%3Athemanifest.com&gl=us&hl=en&pws=0
Best Web Design Agencies,56,The Best Web Design Companies in Orange County - May 2026,https://themanifest.com/web-design/agencies/orange-county,https://www.google.com/search?q=best+web+design+agencies+site%3Athemanifest.com&gl=us&hl=en&pws=0
Best SaaS Design Agencies,1,11 Best SaaS Design Agencies For Your Product in 2026,https://www.superside.com/blog/saas-design-agencies,https://www.google.com/search?q=best+saas+design+agencies&gl=us&hl=en&pws=0
Best SaaS Design Agencies,2,The #1 SaaS website design agency,https://brixagency.com/saas-website-design-agency,https://www.google.com/search?q=best+saas+design+agencies&gl=us&hl=en&pws=0
Best SaaS Design Agencies,3,Best SaaS Web Design Agency,https://foundey.com/blog/best-saas-web-design-agency,https://www.google.com/search?q=best+saas+design+agencies&gl=us&hl=en&pws=0
Best SaaS Design Agencies,4,11 Best SaaS Web Design Agencies That Drive Product- ...,https://taqwah.agency/blog/best-saas-web-design-agencies,https://www.google.com/search?q=best+saas+design+agencies&gl=us&hl=en&pws=0
Best SaaS Design Agencies,5,Which B2B SaaS has the best Designers?,https://www.reddit.com/r/SaaS/comments/17amh15/which_b2b_saas_has_the_best_designers/,https://www.google.com/search?q=best+saas+design+agencies&gl=us&hl=en&pws=0
Best SaaS Design Agencies,6,8 Trusted SaaS Design Agencies That Balance Quality and ...,https://excited.agency/blog/saas-design-agencies-mvp-budget,https://www.google.com/search?q=best+saas+design+agencies&gl=us&hl=en&pws=0
Best SaaS Design Agencies,7,Top SaaS UX and Web Design Agencies in 2026 for B2B ...,https://cieden.com/best-saas-design-agencies,https://www.google.com/search?q=best+saas+design+agencies&gl=us&hl=en&pws=0
Best SaaS Design Agencies,8,Best Saas Website Design Agencies (Compared for 2026),https://www.getmiyagi.com/post/best-saas-website-design-agencies-in-2026,https://www.google.com/search?q=best+saas+design+agencies&gl=us&hl=en&pws=0
Best SaaS Design Agencies,9,Best SaaS Design Companies for Growth in 2026 - Brights,https://brights.io/blog/best-saas-design-companies,https://www.google.com/search?q=best+saas+design+agencies&gl=us&hl=en&pws=0
Best SaaS Design Agencies,10,Best SaaS Design Agencies in New York | by Ayub Ansary,https://medium.com/@ayubansarybd/best-saas-design-agencies-in-new-york-2cd61b81fead,https://www.google.com/search?q=top+saas+design+agencies+usa&gl=us&hl=en&pws=0
Best SaaS Design Agencies,11,Best SaaS Website Design Agency: Build for Conversions,https://www.parallelhq.com/blog/saas-website-design-agency,https://www.google.com/search?q=top+saas+design+agencies+usa&gl=us&hl=en&pws=0
Best SaaS Design Agencies,12,Best SaaS Design Services 2026: How to Choose Fast and ...,https://www.awesomic.com/blog/saas-design-services,https://www.google.com/search?q=top+saas+design+agencies+usa&gl=us&hl=en&pws=0
Best SaaS Design Agencies,13,12 Best SaaS Design Agencies: Top UI/UX Firms for ...,https://www.webtonic.io/blog/12-best-saas-design-agencies-top-uiux-firms-for-software-companies,https://www.google.com/search?q=best+saas+ux+agencies+north+america&gl=us&hl=en&pws=0
Best SaaS Design Agencies,14,Best UX design agencies for B2B SaaS in 2026,https://fuselabcreative.com/best-ux-design-agencies-b2b-saas/,https://www.google.com/search?q=best+saas+ux+agencies+north+america&gl=us&hl=en&pws=0
Best SaaS Design Agencies,15,Top 10 UX design agencies to work with - June 2026,https://www.uxstudioteam.com/ux-blog/top-ux-agencies,https://www.google.com/search?q=best+saas+ux+agencies+north+america&gl=us&hl=en&pws=0
Best SaaS Design Agencies,16,Who are the best product design agencies out there?,https://www.reddit.com/r/userexperience/comments/1do5h9r/who_are_the_best_product_design_agencies_out_there/,https://www.google.com/search?q=best+saas+ux+agencies+north+america&gl=us&hl=en&pws=0
Best SaaS Design Agencies,17,SaaS Design Agency | UI/UX Specialists for SaaS Products,https://phenomenonstudio.com/saas-design-agency/,https://www.google.com/search?q=best+saas+ux+agencies+north+america&gl=us&hl=en&pws=0
Best SaaS Design Agencies,18,Best UI/UX Design Agencies in the USA for 2026,https://cieden.com/best-ui-ux-design-companies-in-usa,https://www.google.com/search?q=best+saas+ux+agencies+north+america&gl=us&hl=en&pws=0
Best SaaS Design Agencies,19,Top UI/UX Design Agency in USA | Award-Winning Studio,https://lollypop.design/ui-ux-design-agency-in-usa/,https://www.google.com/search?q=best+saas+ux+agencies+north+america&gl=us&hl=en&pws=0
Best SaaS Design Agencies,20,Top SaaS Design Agencies in New York for 2026 Buyers,https://www.orbix.studio/blogs/saas-design-agencies-new-york,https://www.google.com/search?q=best+saas+ux+agencies+north+america&gl=us&hl=en&pws=0
Best SaaS Design Agencies,21,Top Design Agencies - Jun 2026 Rankings,https://clutch.co/agencies/design,https://www.google.com/search?q=best+saas+design+agencies+site%3Aclutch.co&gl=us&hl=en&pws=0
Best SaaS Design Agencies,22,Top Web Design Companies - Jun 2026 Rankings,https://clutch.co/web-designers,https://www.google.com/search?q=best+saas+design+agencies+site%3Aclutch.co&gl=us&hl=en&pws=0
Best SaaS Design Agencies,23,"Top Web Designers in San Francisco, CA",https://clutch.co/web-designers/san-francisco,https://www.google.com/search?q=best+saas+design+agencies+site%3Aclutch.co&gl=us&hl=en&pws=0
Best SaaS Design Agencies,24,Top London Web Design Companies - Jun 2026 Rankings,https://clutch.co/web-designers/uk/england/london,https://www.google.com/search?q=best+saas+design+agencies+site%3Aclutch.co&gl=us&hl=en&pws=0
Best SaaS Design Agencies,25,Top Web Design Companies in Los Angeles,https://clutch.co/web-designers/los-angeles,https://www.google.com/search?q=best+saas+design+agencies+site%3Aclutch.co&gl=us&hl=en&pws=0
Best SaaS Design Agencies,26,Top UX Design Agencies in Atlanta - Jun 2026 Rankings,https://clutch.co/agencies/ui-ux/atlanta,https://www.google.com/search?q=best+saas+design+agencies+site%3Aclutch.co&gl=us&hl=en&pws=0
Best SaaS Design Agencies,27,Top Web Design Companies in Pennsylvania,https://clutch.co/web-designers/pennsylvania,https://www.google.com/search?q=best+saas+design+agencies+site%3Aclutch.co&gl=us&hl=en&pws=0
Best SaaS Design Agencies,28,Top Design Agencies in Charleston - May 2026 Rankings,https://clutch.co/agencies/design/charleston,https://www.google.com/search?q=best+saas+design+agencies+site%3Aclutch.co&gl=us&hl=en&pws=0
Best SaaS Design Agencies,29,Top Web Design Companies in Massachusetts,https://clutch.co/web-designers/massachusetts,https://www.google.com/search?q=best+saas+design+agencies+site%3Aclutch.co&gl=us&hl=en&pws=0
Best SaaS Design Agencies,30,Top UI/UX Design Agencies - Jun 2026 Rankings,https://clutch.co/agencies/ui-ux,https://www.google.com/search?q=best+saas+design+agencies+site%3Aclutch.co&gl=us&hl=en&pws=0
Best SaaS Design Agencies,31,Top SaaS Development Companies in 2026,https://www.designrush.com/agency/software-development/saas,https://www.google.com/search?q=best+saas+design+agencies+site%3Adesignrush.com&gl=us&hl=en&pws=0
Best SaaS Design Agencies,32,Top SaaS Companies in 2026,https://www.designrush.com/agency/saas-companies,https://www.google.com/search?q=best+saas+design+agencies+site%3Adesignrush.com&gl=us&hl=en&pws=0
Best SaaS Design Agencies,33,Top SaaS Companies and Products for 2026,https://www.designrush.com/agency/software-development/trends/saas-companies,https://www.google.com/search?q=best+saas+design+agencies+site%3Adesignrush.com&gl=us&hl=en&pws=0
Best SaaS Design Agencies,34,Top US Web Design Agency - Jun 2026,https://www.designrush.com/agency/design-agencies/us,https://www.google.com/search?q=best+saas+design+agencies+site%3Adesignrush.com&gl=us&hl=en&pws=0
Best SaaS Design Agencies,35,"Top AI BPO Companies for SaaS, Crypto & Web3 (2026)",https://www.designrush.com/agency/bpo/ai-bpo/trends/ai-bpo-companies-for-saas-crypto-web3,https://www.google.com/search?q=best+saas+design+agencies+site%3Adesignrush.com&gl=us&hl=en&pws=0
Best SaaS Design Agencies,36,Agency Directory: All Agencies,https://www.designrush.com/search-agency,https://www.google.com/search?q=best+saas+design+agencies+site%3Adesignrush.com&gl=us&hl=en&pws=0
Best SaaS Design Agencies,37,How To Choose the Product Design Agency for Your ...,https://www.designrush.com/agency/product-design/trends/how-to-choose-a-product-design-agency,https://www.google.com/search?q=best+saas+design+agencies+site%3Adesignrush.com&gl=us&hl=en&pws=0
Best SaaS Design Agencies,38,Top SaaS Marketing Agencies - Mar 2026 Rankings - Page 3,https://www.designrush.com/agency/digital-marketing/saas?page=3,https://www.google.com/search?q=best+saas+design+agencies+site%3Adesignrush.com&gl=us&hl=en&pws=0
Best SaaS Design Agencies,39,4 Ways UX/UI Drives SaaS Growth — And How to Get It Right,https://news.designrush.com/4-reasons-saas-growth-starts-great-uxui-design,https://www.google.com/search?q=best+saas+design+agencies+site%3Adesignrush.com&gl=us&hl=en&pws=0
Best SaaS Design Agencies,40,5 Proven Ways to Scale Your SaaS Company,https://news.designrush.com/scaling-saas-in-age-of-ai,https://www.google.com/search?q=best+saas+design+agencies+site%3Adesignrush.com&gl=us&hl=en&pws=0
Best SaaS Design Agencies,41,Top Digital Design Agencies - 2026 Reviews,https://www.goodfirms.co/directory/services/top-web-design-companies/digital,https://www.google.com/search?q=best+saas+design+agencies+site%3Agoodfirms.co&gl=us&hl=en&pws=0
Best SaaS Design Agencies,42,Top New York Web Design Companies - 2026 Reviews,https://www.goodfirms.co/directory/state/top-web-design-companies/new-york,https://www.google.com/search?q=best+saas+design+agencies+site%3Agoodfirms.co&gl=us&hl=en&pws=0
Best SaaS Design Agencies,43,Top 10+ UI/UX Design Agencies - 2026 Reviews,https://www.goodfirms.co/directory/services/top-web-design-companies/user-experience?page=39,https://www.google.com/search?q=best+saas+design+agencies+site%3Agoodfirms.co&gl=us&hl=en&pws=0
Best SaaS Design Agencies,44,Best Web Design Companies in Manchester - 2026 Reviews,https://www.goodfirms.co/directory/city/top-web-design-companies/manchester,https://www.google.com/search?q=best+saas+design+agencies+site%3Agoodfirms.co&gl=us&hl=en&pws=0
Best SaaS Design Agencies,45,Top FinTech Web Design Agencies - 2026 Reviews,https://www.goodfirms.co/top-web-design-companies/fintech?page=3,https://www.google.com/search?q=best+saas+design+agencies+site%3Agoodfirms.co&gl=us&hl=en&pws=0
Best SaaS Design Agencies,46,Top Digital Design Agencies in the Philippines,https://www.goodfirms.co/directory/country/top-web-design-companies/digital/philippines,https://www.google.com/search?q=best+saas+design+agencies+site%3Agoodfirms.co&gl=us&hl=en&pws=0
Best SaaS Design Agencies,47,Top Digital Design Agencies in Paris - 2026 Reviews,https://www.goodfirms.co/directory/city/top-web-design-companies/digital/paris,https://www.google.com/search?q=best+saas+design+agencies+site%3Agoodfirms.co&gl=us&hl=en&pws=0
Best SaaS Design Agencies,48,Top Digital Design Agencies in New Zealand - 2026 Reviews,https://www.goodfirms.co/directory/country/top-web-design-companies/digital/new-zealand,https://www.google.com/search?q=best+saas+design+agencies+site%3Agoodfirms.co&gl=us&hl=en&pws=0
Best SaaS Design Agencies,49,Top Web Design Companies in Virginia - 2026 Reviews,https://www.goodfirms.co/directory/state/top-web-design-companies/virginia,https://www.google.com/search?q=best+saas+design+agencies+site%3Agoodfirms.co&gl=us&hl=en&pws=0
Best SaaS Design Agencies,50,Top Web Design Companies in Dallas - 2026 Reviews,https://www.goodfirms.co/directory/city/top-web-design-companies/dallas,https://www.google.com/search?q=best+saas+design+agencies+site%3Agoodfirms.co&gl=us&hl=en&pws=0
Best SaaS Design Agencies,51,List of the Best United States Web Design Agencies - Manifest,https://themanifest.com/us/web-design/agencies,https://www.google.com/search?q=best+saas+design+agencies+site%3Athemanifest.com&gl=us&hl=en&pws=0
Best SaaS Design Agencies,52,10 Best Web Design Agencies for Business Growth in 2026,https://themanifest.com/blog/best-web-design-companies,https://www.google.com/search?q=best+saas+design+agencies+site%3Athemanifest.com&gl=us&hl=en&pws=0
Best SaaS Design Agencies,53,Top 50 Web Design Companies in Paraguay - Manifest,https://themanifest.com/py/web-design/agencies,https://www.google.com/search?q=best+saas+design+agencies+site%3Athemanifest.com&gl=us&hl=en&pws=0
Best SaaS Design Agencies,54,The Best Design Companies in Estonia - May 2026 | The Manifest,https://themanifest.com/ee/design/agencies,https://www.google.com/search?q=best+saas+design+agencies+site%3Athemanifest.com&gl=us&hl=en&pws=0
Best SaaS Design Agencies,55,The Best Digital Design Companies - Apr 2026 | The Manifest,https://themanifest.com/digital-design/agencies?page=56,https://www.google.com/search?q=best+saas+design+agencies+site%3Athemanifest.com&gl=us&hl=en&pws=0
Best SaaS Design Agencies,56,The Best Product Design Companies in Estonia - Mar 2026,https://themanifest.com/ee/product-design/agencies,https://www.google.com/search?q=best+saas+design+agencies+site%3Athemanifest.com&gl=us&hl=en&pws=0
Best SaaS Design Agencies,57,12 Leading UX Agencies for Growing Brands - Manifest,https://themanifest.com/blog/leading-ux-agencies-for-growing-brands,https://www.google.com/search?q=best+saas+design+agencies+site%3Athemanifest.com&gl=us&hl=en&pws=0
Best SaaS Design Agencies,58,The Best Digital Design Companies in Brighton - Apr 2026,https://themanifest.com/digital-design/agencies/uk/england/brighton?page=27,https://www.google.com/search?q=best+saas+design+agencies+site%3Athemanifest.com&gl=us&hl=en&pws=0
Best SaaS Design Agencies,59,The Best User Experience Companies - Apr 2026 | The Manifest,https://themanifest.com/user-experience/agencies?page=299&source=post_page---------------------------,https://www.google.com/search?q=best+saas+design+agencies+site%3Athemanifest.com&gl=us&hl=en&pws=0
Best SaaS Design Agencies,60,The Best Web Design Companies in Ukraine - May 2026,https://themanifest.com/ua/web-design/agencies,https://www.google.com/search?q=best+saas+design+agencies+site%3Athemanifest.com&gl=us&hl=en&pws=0
Best Product Design Agencies,1,Who are the best product design agencies out there?,https://www.reddit.com/r/userexperience/comments/1do5h9r/who_are_the_best_product_design_agencies_out_there/,https://www.google.com/search?q=best+product+design+agencies&gl=us&hl=en&pws=0
Best Product Design Agencies,2,Top 10 Product Design Companies & Design Agencies - Excited,https://excited.agency/blog/top-10-product-design-companies-design-agencies,https://www.google.com/search?q=best+product+design+agencies&gl=us&hl=en&pws=0
Best Product Design Agencies,3,Top Product Design Agencies to Work With - May 2026,https://www.g-co.agency/insights/top-product-design-agencies-to-work-with,https://www.google.com/search?q=best+product+design+agencies&gl=us&hl=en&pws=0
Best Product Design Agencies,4,Top New York Design Agencies to Work With in 2026,https://linkupst.com/design/blog-design/new-york-design-agencies,https://www.google.com/search?q=best+product+design+agencies&gl=us&hl=en&pws=0
Best Product Design Agencies,5,Best Product Design Company in 2026,https://www.eleken.co/blog-posts/product-design-company,https://www.google.com/search?q=best+product+design+agencies&gl=us&hl=en&pws=0
Best Product Design Agencies,6,Top Product Design Companies in Philadelphia | 2026,https://www.designrush.com/agency/product-design/pennsylvania/philadelphia,https://www.google.com/search?q=best+product+design+agencies&gl=us&hl=en&pws=0
Best Product Design Agencies,7,UX Design & Product Design Agency NYC,https://studiosimpati.co/services/product-ux-design-agency-new-york/,https://www.google.com/search?q=best+product+design+agencies&gl=us&hl=en&pws=0
Best Product Design Agencies,8,Top Industrial Design Companies - 2026,https://www.core77.com/directory/companies/industrial-design,https://www.google.com/search?q=best+product+design+agencies&gl=us&hl=en&pws=0
Best Product Design Agencies,9,Design Agency | Product Design and Development ...,https://phenomenonstudio.com/,https://www.google.com/search?q=top+product+design+agencies+usa&gl=us&hl=en&pws=0
Best Product Design Agencies,10,Top Product Design and Development Companies,https://clutch.co/agencies/product-design,https://www.google.com/search?q=top+product+design+agencies+usa&gl=us&hl=en&pws=0
Best Product Design Agencies,11,RKS | Product Design Firm - Human-Centered,https://rksdesign.com/,https://www.google.com/search?q=top+product+design+agencies+usa&gl=us&hl=en&pws=0
Best Product Design Agencies,12,Meet the 50 top design agencies in the US leading digital ...,https://www.lazarev.agency/articles/top-design-agencies-in-the-us,https://www.google.com/search?q=top+product+design+agencies+usa&gl=us&hl=en&pws=0
Best Product Design Agencies,13,Speck Design: Product Design & Engineering Firm for Hardware,https://www.speckdesign.com/,https://www.google.com/search?q=top+product+design+agencies+usa&gl=us&hl=en&pws=0
Best Product Design Agencies,14,Industrial Design Companies in the United States,https://www.dexigner.com/directory/cat/Industrial-Design/Companies/loc/United-States,https://www.google.com/search?q=top+product+design+agencies+usa&gl=us&hl=en&pws=0
Best Product Design Agencies,15,10 Best Product Design Companies of 2026,https://www.superside.com/blog/product-design-companies,https://www.google.com/search?q=top+product+design+agencies+usa&gl=us&hl=en&pws=0
Best Product Design Agencies,16,"Product Designer Salaries 2026 in India, Average salary ₹27 lakhs",https://6figr.com/in/salary/product-designer--t,https://www.google.com/search?q=top+product+design+agencies+usa&gl=us&hl=en&pws=0
Best Product Design Agencies,17,Top Product Designers in Los Angeles - Jun 2026 Rankings,https://clutch.co/agencies/product-design/los-angeles,https://www.google.com/search?q=best+product+design+agencies+site%3Aclutch.co&gl=us&hl=en&pws=0
Best Product Design Agencies,18,Top Design Agencies - Jun 2026 Rankings,https://clutch.co/agencies/design,https://www.google.com/search?q=best+product+design+agencies+site%3Aclutch.co&gl=us&hl=en&pws=0
Best Product Design Agencies,19,Top Product Designers in Minneapolis - Jun 2026 Rankings,https://clutch.co/agencies/product-design/minneapolis,https://www.google.com/search?q=best+product+design+agencies+site%3Aclutch.co&gl=us&hl=en&pws=0
Best Product Design Agencies,20,Top Product Designers in San Francisco,https://clutch.co/agencies/product-design/san-francisco,https://www.google.com/search?q=best+product+design+agencies+site%3Aclutch.co&gl=us&hl=en&pws=0
Best Product Design Agencies,21,Top Web Design Companies in Los Angeles,https://clutch.co/web-designers/los-angeles,https://www.google.com/search?q=best+product+design+agencies+site%3Aclutch.co&gl=us&hl=en&pws=0
Best Product Design Agencies,22,"Top Web Designers in San Francisco, CA",https://clutch.co/web-designers/san-francisco,https://www.google.com/search?q=best+product+design+agencies+site%3Aclutch.co&gl=us&hl=en&pws=0
Best Product Design Agencies,23,Top UX Design Agencies in Detroit - Jun 2026 Rankings,https://clutch.co/agencies/ui-ux/detroit,https://www.google.com/search?q=best+product+design+agencies+site%3Aclutch.co&gl=us&hl=en&pws=0
Best Product Design Agencies,24,Top Product Design Companies in London,https://clutch.co/agencies/product-design/uk/england/london,https://www.google.com/search?q=best+product+design+agencies+site%3Aclutch.co&gl=us&hl=en&pws=0
Best Product Design Agencies,25,Top UI/UX Design Agencies - Jun 2026 Rankings,https://clutch.co/agencies/ui-ux,https://www.google.com/search?q=best+product+design+agencies+site%3Aclutch.co&gl=us&hl=en&pws=0
Best Product Design Agencies,26,Top Product Design Companies In California | 2026,https://www.designrush.com/agency/product-design/california,https://www.google.com/search?q=best+product+design+agencies+site%3Adesignrush.com&gl=us&hl=en&pws=0
Best Product Design Agencies,27,Top Florida Product Design Companies | 2026,https://www.designrush.com/agency/product-design/florida,https://www.google.com/search?q=best+product+design+agencies+site%3Adesignrush.com&gl=us&hl=en&pws=0
Best Product Design Agencies,28,Top Product Design Agencies in USA,https://www.designrush.com/agency/product-design/us,https://www.google.com/search?q=best+product+design+agencies+site%3Adesignrush.com&gl=us&hl=en&pws=0
Best Product Design Agencies,29,Top New York Product Design Agencies | 2026,https://www.designrush.com/agency/product-design/new-york,https://www.google.com/search?q=best+product+design+agencies+site%3Adesignrush.com&gl=us&hl=en&pws=0
Best Product Design Agencies,30,Top Product Design Companies in Mumbai | 2026,https://www.designrush.com/agency/product-design/in/mumbai,https://www.google.com/search?q=best+product+design+agencies+site%3Adesignrush.com&gl=us&hl=en&pws=0
Best Product Design Agencies,31,DesignRush | Brand Discovery Platform & Agency Directory,https://www.designrush.com/,https://www.google.com/search?q=best+product+design+agencies+site%3Adesignrush.com&gl=us&hl=en&pws=0
Best Product Design Agencies,32,Top Product Design Companies in Bengaluru | 2026,https://www.designrush.com/agency/product-design/in/bengaluru,https://www.google.com/search?q=best+product+design+agencies+site%3Adesignrush.com&gl=us&hl=en&pws=0
Best Product Design Agencies,33,How To Choose the Product Design Agency for Your ...,https://www.designrush.com/agency/product-design/trends/how-to-choose-a-product-design-agency,https://www.google.com/search?q=best+product+design+agencies+site%3Adesignrush.com&gl=us&hl=en&pws=0
Best Product Design Agencies,34,2026's Top Product Design Tools: Boost Agency Efficiency,https://www.designrush.com/agency/product-design/trends/product-design-tools,https://www.google.com/search?q=best+product+design+agencies+site%3Adesignrush.com&gl=us&hl=en&pws=0
Best Product Design Agencies,35,Top Product Design Companies in Colorado | 2026,https://www.designrush.com/agency/product-design/colorado,https://www.google.com/search?q=best+product+design+agencies+site%3Adesignrush.com&gl=us&hl=en&pws=0
Best Product Design Agencies,36,Top 10+ Product Design Agencies - 2026 Reviews,https://www.goodfirms.co/directory/services/top-web-design-companies/product,https://www.google.com/search?q=best+product+design+agencies+site%3Agoodfirms.co&gl=us&hl=en&pws=0
Best Product Design Agencies,37,Top Digital Design Agencies in Philadelphia - 2026 Reviews,https://www.goodfirms.co/directory/city/top-web-design-companies/digital/philadelphia,https://www.google.com/search?q=best+product+design+agencies+site%3Agoodfirms.co&gl=us&hl=en&pws=0
Best Product Design Agencies,38,Top New York Web Design Companies - 2026 Reviews,https://www.goodfirms.co/directory/state/top-web-design-companies/new-york,https://www.google.com/search?q=best+product+design+agencies+site%3Agoodfirms.co&gl=us&hl=en&pws=0
Best Product Design Agencies,39,Top Digital Design Agencies in Chicago - 2026 Reviews,https://www.goodfirms.co/directory/city/top-web-design-companies/digital/chicago,https://www.google.com/search?q=best+product+design+agencies+site%3Agoodfirms.co&gl=us&hl=en&pws=0
Best Product Design Agencies,40,Top Web Design Companies in San Diego - 2026 Reviews,https://www.goodfirms.co/directory/city/top-web-design-companies/san-diego,https://www.google.com/search?q=best+product+design+agencies+site%3Agoodfirms.co&gl=us&hl=en&pws=0
Best Product Design Agencies,41,Top Digital Design Agencies in Pittsburgh - 2026 Reviews,https://www.goodfirms.co/directory/city/top-web-design-companies/digital/pittsburgh,https://www.google.com/search?q=best+product+design+agencies+site%3Agoodfirms.co&gl=us&hl=en&pws=0
Best Product Design Agencies,42,Top 10+ UI/UX Design Agencies - 2026 Reviews,https://www.goodfirms.co/directory/services/top-web-design-companies/user-experience?page=48,https://www.google.com/search?q=best+product+design+agencies+site%3Agoodfirms.co&gl=us&hl=en&pws=0
Best Product Design Agencies,43,Top Web Design Companies & Designers - 2026 Reviews,https://www.goodfirms.co/directory/platforms/top-web-design-companies?page=305,https://www.google.com/search?q=best+product+design+agencies+site%3Agoodfirms.co&gl=us&hl=en&pws=0
Best Product Design Agencies,44,Top Digital Design Agencies in Texas - 2026 Reviews,https://www.goodfirms.co/directory/state/top-web-design-companies/digital/texas?page=2,https://www.google.com/search?q=best+product+design+agencies+site%3Agoodfirms.co&gl=us&hl=en&pws=0
Best Product Design Agencies,45,Top 10+ UI/UX Design Agencies - 2026 Reviews,https://www.goodfirms.co/directory/services/top-web-design-companies/user-experience?page=139,https://www.google.com/search?q=best+product+design+agencies+site%3Agoodfirms.co&gl=us&hl=en&pws=0
Best Product Design Agencies,46,The Best Product Design Companies in New York City - Manifest,https://themanifest.com/product-design/agencies/new-york,https://www.google.com/search?q=best+product+design+agencies+site%3Athemanifest.com&gl=us&hl=en&pws=0
Best Product Design Agencies,47,The Best Product Design Companies - Jun 2026 | The Manifest,https://themanifest.com/product-design/agencies,https://www.google.com/search?q=best+product+design+agencies+site%3Athemanifest.com&gl=us&hl=en&pws=0
Best Product Design Agencies,48,The Best Product Design Companies in Utah - Apr 2026,https://themanifest.com/product-design/agencies/utah,https://www.google.com/search?q=best+product+design+agencies+site%3Athemanifest.com&gl=us&hl=en&pws=0
Best Product Design Agencies,49,The Best Product Design Companies in Orange County - May,https://themanifest.com/product-design/agencies/orange-county,https://www.google.com/search?q=best+product+design+agencies+site%3Athemanifest.com&gl=us&hl=en&pws=0
Best Product Design Agencies,50,The Best Product Design Companies in Oregon - Apr 2026,https://themanifest.com/product-design/agencies/oregon,https://www.google.com/search?q=best+product+design+agencies+site%3Athemanifest.com&gl=us&hl=en&pws=0
Best Product Design Agencies,51,10 Best Web Design Agencies for Business Growth in 2026,https://themanifest.com/blog/best-web-design-companies,https://www.google.com/search?q=best+product+design+agencies+site%3Athemanifest.com&gl=us&hl=en&pws=0
Best Product Design Agencies,52,The Best Product Design Companies in Baltimore - May 2026,https://themanifest.com/product-design/agencies/baltimore,https://www.google.com/search?q=best+product+design+agencies+site%3Athemanifest.com&gl=us&hl=en&pws=0
Best Product Design Agencies,53,The Best Product Design Companies in Texas - Jun 2026,https://themanifest.com/product-design/agencies/texas,https://www.google.com/search?q=best+product+design+agencies+site%3Athemanifest.com&gl=us&hl=en&pws=0
Best Product Design Agencies,54,The Best Product Design Companies in Sacramento - Apr 2026,https://themanifest.com/product-design/agencies/sacramento,https://www.google.com/search?q=best+product+design+agencies+site%3Athemanifest.com&gl=us&hl=en&pws=0
Best Product Design Agencies,55,The Best Product Design Companies in San Francisco - Apr,https://themanifest.com/product-design/agencies/san-francisco?page=2&source=post_page---------------------------,https://www.google.com/search?q=best+product+design+agencies+site%3Athemanifest.com&gl=us&hl=en&pws=0
Best Framer Agencies,1,Agency,https://www.framer.com/community/gallery/categories/agency/,https://www.google.com/search?q=best+framer+agencies&gl=us&hl=en&pws=0
Best Framer Agencies,2,8+ Best Framer Agencies in 2026 | Ranked #1,https://www.victorflow.com/blog/best-framer-agencies,https://www.google.com/search?q=best+framer+agencies&gl=us&hl=en&pws=0
Best Framer Agencies,3,Framer for agencies?,https://www.reddit.com/r/framer/comments/187htoy/framer_for_agencies/,https://www.google.com/search?q=best+framer+agencies&gl=us&hl=en&pws=0
Best Framer Agencies,4,The Best Framer Agencies of 2025,https://brixtemplates.com/blog/best-framer-agencies,https://www.google.com/search?q=best+framer+agencies&gl=us&hl=en&pws=0
Best Framer Agencies,5,Best Framer Agencies That Actually Know Design,https://veloxthemes.com/blog/best-framer-agencies,https://www.google.com/search?q=best+framer+agencies&gl=us&hl=en&pws=0
Best Framer Agencies,6,Framer Agency | Premium Framer Websites,https://goodspeed.studio/framer-developers,https://www.google.com/search?q=best+framer+agencies&gl=us&hl=en&pws=0
Best Framer Agencies,7,The #1 Framer Agency,https://brixagency.com/framer-agency,https://www.google.com/search?q=best+framer+agencies&gl=us&hl=en&pws=0
Best Framer Agencies,8,13 best agency templates for Framer in 2026,https://www.bryntaylor.co.uk/writing/best-agency-templates-for-framer,https://www.google.com/search?q=best+framer+agencies&gl=us&hl=en&pws=0
Best Framer Agencies,9,"Top Framer Agencies to Watch in 2026 for Fast, Reliable ...",https://www.awesomic.com/blog/framer-agencies,https://www.google.com/search?q=best+framer+agencies&gl=us&hl=en&pws=0
Best Framer Agencies,10,Experts – Framer Community,https://www.framer.com/community/members/experts/,https://www.google.com/search?q=top+framer+agencies+usa&gl=us&hl=en&pws=0
Best Framer Agencies,11,Best Framer Agencies in The Americas (2026),https://goodspeed.studio/framer-agencies/the-americas,https://www.google.com/search?q=top+framer+agencies+usa&gl=us&hl=en&pws=0
Best Framer Agencies,12,"Framer Agency: Design, Dev & SEO for SaaS",https://donux.com/use-cases/framer-agency,https://www.google.com/search?q=top+framer+agencies+usa&gl=us&hl=en&pws=0
Best Framer Agencies,13,Who are the best framer designers and devs out there,https://www.reddit.com/r/framer/comments/1fypvum/who_are_the_best_framer_designers_and_devs_out/,https://www.google.com/search?q=top+framer+agencies+usa&gl=us&hl=en&pws=0
Best Framer Agencies,14,Best 8 Framer Website Design Agencies for Startups - Fineart,https://fineartdesign.agency/best-8-framer-website-design-agencies-for-startups/,https://www.google.com/search?q=top+framer+agencies+usa&gl=us&hl=en&pws=0
Best Framer Agencies,15,Top Digital Design Agencies in the United States,https://clutch.co/us/agencies/digital-design?page=3,https://www.google.com/search?q=best+framer+agencies+site%3Aclutch.co&gl=us&hl=en&pws=0
Best Framer Agencies,16,Top Digital Design Agencies - Apr 2026 Rankings,https://clutch.co/agencies/digital-design?page=7,https://www.google.com/search?q=best+framer+agencies+site%3Aclutch.co&gl=us&hl=en&pws=0
Best Framer Agencies,17,Top Web Design Companies in Israel - Jun 2026 Rankings,https://clutch.co/il/web-designers,https://www.google.com/search?q=best+framer+agencies+site%3Aclutch.co&gl=us&hl=en&pws=0
Best Framer Agencies,18,Top Digital Marketing Agencies for Healthcare in South ...,https://clutch.co/agencies/digital-marketing/healthcare-industry/south-carolina,https://www.google.com/search?q=best+framer+agencies+site%3Aclutch.co&gl=us&hl=en&pws=0
Best Framer Agencies,19,Top Digital Design Agencies in Athens - Apr 2026 Rankings,https://clutch.co/gr/agencies/digital-design/athens,https://www.google.com/search?q=best+framer+agencies+site%3Aclutch.co&gl=us&hl=en&pws=0
Best Framer Agencies,20,Top 100 Women Owned User Experience (UX) Agencies,https://clutch.co/agencies/ui-ux/women-owned?page=2,https://www.google.com/search?q=best+framer+agencies+site%3Aclutch.co&gl=us&hl=en&pws=0
Best Framer Agencies,21,Top Web Design Companies for Retail in the United States,https://clutch.co/us/web-designers/retail-industry?page=4,https://www.google.com/search?q=best+framer+agencies+site%3Aclutch.co&gl=us&hl=en&pws=0
Best Framer Agencies,22,Top Corporate Branding Agencies - Mar 2026 Rankings,https://clutch.co/agencies/branding/corporate?page=4,https://www.google.com/search?q=best+framer+agencies+site%3Aclutch.co&gl=us&hl=en&pws=0
Best Framer Agencies,23,TitanStudio White-Label - Services & Company Info,https://clutch.co/profile/titanstudio-white-label,https://www.google.com/search?q=best+framer+agencies+site%3Aclutch.co&gl=us&hl=en&pws=0
Best Framer Agencies,24,Top Product Designers in Spain - Jun 2026 Rankings,https://clutch.co/es/agencies/product-design,https://www.google.com/search?q=best+framer+agencies+site%3Aclutch.co&gl=us&hl=en&pws=0
Best Framer Agencies,25,Top Framer Design Agencies in 2026,https://www.designrush.com/agency/website-design-development/framer,https://www.google.com/search?q=best+framer+agencies+site%3Adesignrush.com&gl=us&hl=en&pws=0
Best Framer Agencies,26,Agency Directory Listing & Reviews,https://www.designrush.com/agency,https://www.google.com/search?q=best+framer+agencies+site%3Adesignrush.com&gl=us&hl=en&pws=0
Best Framer Agencies,27,Top AI Web Design Agencies in 2026,https://www.designrush.com/agency/website-design-development/ai-web-design,https://www.google.com/search?q=best+framer+agencies+site%3Adesignrush.com&gl=us&hl=en&pws=0
Best Framer Agencies,28,Top Digital Agencies In South Carolina | 2026,https://www.designrush.com/agency/digital-agencies/south-carolina,https://www.google.com/search?q=best+framer+agencies+site%3Adesignrush.com&gl=us&hl=en&pws=0
Best Framer Agencies,29,Top Responsive Web Design Companies in 2026,https://www.designrush.com/agency/website-design-development/responsive,https://www.google.com/search?q=best+framer+agencies+site%3Adesignrush.com&gl=us&hl=en&pws=0
Best Framer Agencies,30,How Framer Helps Enterprise Teams Create Faster,https://news.designrush.com/framer-enterprise-creativity-scalability,https://www.google.com/search?q=best+framer+agencies+site%3Adesignrush.com&gl=us&hl=en&pws=0
Best Framer Agencies,31,Top Web Design Companies in Spain - Page 2,https://www.designrush.com/agency/website-design-development/es?page=2,https://www.google.com/search?q=best+framer+agencies+site%3Adesignrush.com&gl=us&hl=en&pws=0
Best Framer Agencies,32,Top Digital Agencies,https://www.designrush.com/agency/digital-agencies,https://www.google.com/search?q=best+framer+agencies+site%3Adesignrush.com&gl=us&hl=en&pws=0
Best Framer Agencies,33,Top Web Designers in Wyoming | 2026,https://www.designrush.com/agency/website-design-development/wyoming,https://www.google.com/search?q=best+framer+agencies+site%3Adesignrush.com&gl=us&hl=en&pws=0
Best Framer Agencies,34,Top Landing Page Design Agencies in 2026,https://www.designrush.com/agency/website-design-development/landing-page-design,https://www.google.com/search?q=best+framer+agencies+site%3Adesignrush.com&gl=us&hl=en&pws=0
Best Framer Agencies,35,Top Digital Design Agencies - 2026 Reviews,https://www.goodfirms.co/directory/services/top-web-design-companies/digital?page=45,https://www.google.com/search?q=best+framer+agencies+site%3Agoodfirms.co&gl=us&hl=en&pws=0
Best Framer Agencies,36,Framer Lab Reviews & Ratings,https://www.goodfirms.co/company/framer-lab,https://www.google.com/search?q=best+framer+agencies+site%3Agoodfirms.co&gl=us&hl=en&pws=0
Best Framer Agencies,37,Best Branding Agencies in Pennsylvania - 2026 Reviews,https://www.goodfirms.co/directory/state/top-digital-marketing-companies/branding/pennsylvania?page=2,https://www.google.com/search?q=best+framer+agencies+site%3Agoodfirms.co&gl=us&hl=en&pws=0
Best Framer Agencies,38,Top Web Design Companies in Bengaluru - 2026 Reviews,https://www.goodfirms.co/directory/city/top-web-design-companies/bengaluru?page=2,https://www.google.com/search?q=best+framer+agencies+site%3Agoodfirms.co&gl=us&hl=en&pws=0
Best Framer Agencies,39,Framer Reviews & Pricing 2026,https://www.goodfirms.co/software/framer,https://www.google.com/search?q=best+framer+agencies+site%3Agoodfirms.co&gl=us&hl=en&pws=0
Best Framer Agencies,40,Top FinTech Web Design Agencies - 2026 Reviews,https://www.goodfirms.co/top-web-design-companies/fintech?page=47,https://www.google.com/search?q=best+framer+agencies+site%3Agoodfirms.co&gl=us&hl=en&pws=0
Best Framer Agencies,41,Top Automotive Web Design Companies 2026,https://www.goodfirms.co/top-web-design-companies/automotive?page=36,https://www.google.com/search?q=best+framer+agencies+site%3Agoodfirms.co&gl=us&hl=en&pws=0
Best Framer Agencies,42,Top Web Design Companies in Alberta - 2026 Reviews,https://www.goodfirms.co/directory/state/top-web-design-companies/alberta,https://www.google.com/search?q=best+framer+agencies+site%3Agoodfirms.co&gl=us&hl=en&pws=0
Best Framer Agencies,43,Top California Web Designers - 2026 Reviews,https://www.goodfirms.co/directory/state/top-web-design-companies/california?page=11,https://www.google.com/search?q=best+framer+agencies+site%3Agoodfirms.co&gl=us&hl=en&pws=0
Best Framer Agencies,44,Top Web Design Companies Israel - 2026 Reviews,https://www.goodfirms.co/directory/country/top-web-design-companies/israel,https://www.google.com/search?q=best+framer+agencies+site%3Agoodfirms.co&gl=us&hl=en&pws=0
Best Framer Agencies,45,The Best Digital Design Companies - Apr 2026 | The Manifest,https://themanifest.com/digital-design/agencies?page=300,https://www.google.com/search?q=best+framer+agencies+site%3Athemanifest.com&gl=us&hl=en&pws=0
Best Framer Agencies,46,The Best Digital Marketing Companies - Apr 2026 | The Manifest,https://themanifest.com/digital-marketing/agencies?_hsenc=p2ANqtz-_mR0NHY2f3J6grmOTrM2zzpyOD6--Q-gKN-60-kkvasWzA--Y6UL1NnTd0-W8QgBZROP5CLlc9MnMBHRL-pTIb2fVf3pAwcGrJhvCIjR6SGOsNqjw&_hsmi=75418728&page=2939,https://www.google.com/search?q=best+framer+agencies+site%3Athemanifest.com&gl=us&hl=en&pws=0
Best Framer Agencies,47,The Best Digital Design Companies in Southampton - Apr 2026,https://themanifest.com/digital-design/agencies/uk/england/southampton?page=34,https://www.google.com/search?q=best+framer+agencies+site%3Athemanifest.com&gl=us&hl=en&pws=0
Best Framer Agencies,48,The Best Digital Design Companies - May 2026 | The Manifest,https://themanifest.com/digital-design/agencies?page=1677,https://www.google.com/search?q=best+framer+agencies+site%3Athemanifest.com&gl=us&hl=en&pws=0
Best Framer Agencies,49,The Best Design Companies in United Kingdom - Mar 2026,https://themanifest.com/design/agencies/uk?page=30,https://www.google.com/search?q=best+framer+agencies+site%3Athemanifest.com&gl=us&hl=en&pws=0
Best Framer Agencies,50,The Best Media Planning and Buying Companies - Apr 2026,https://themanifest.com/media-buying/agencies?page=84,https://www.google.com/search?q=best+framer+agencies+site%3Athemanifest.com&gl=us&hl=en&pws=0
Best Framer Agencies,51,The Best Design Companies in Brighton - Apr 2026 - Manifest,https://themanifest.com/design/agencies/uk/england/brighton?page=49,https://www.google.com/search?q=best+framer+agencies+site%3Athemanifest.com&gl=us&hl=en&pws=0
Best Framer Agencies,52,The Best Digital Design Companies - May 2026 | The Manifest,https://themanifest.com/digital-design/agencies?page=381,https://www.google.com/search?q=best+framer+agencies+site%3Athemanifest.com&gl=us&hl=en&pws=0
Best Framer Agencies,53,The Best Design Companies in Southampton - Apr 2026,https://themanifest.com/design/agencies/uk/england/southampton?page=37,https://www.google.com/search?q=best+framer+agencies+site%3Athemanifest.com&gl=us&hl=en&pws=0
Best Framer Agencies,54,The Best Print Design Companies - Apr 2026 | The Manifest,https://themanifest.com/print-design/agencies?page=12,https://www.google.com/search?q=best+framer+agencies+site%3Athemanifest.com&gl=us&hl=en&pws=0
Best Webflow Agencies,1,12 Best Webflow Agencies in 2026 (Full Breakdown & ...,https://www.flowninja.com/blog/best-webflow-agencies,https://www.google.com/search?q=best+webflow+agencies&gl=us&hl=en&pws=0
Best Webflow Agencies,2,The best website builder for agencies,https://webflow.com/solutions/agencies,https://www.google.com/search?q=best+webflow+agencies&gl=us&hl=en&pws=0
Best Webflow Agencies,3,Looking for a top Webflow agency/team,https://www.reddit.com/r/webflow/comments/1cxqs5m/looking_for_a_top_webflow_agencyteam/,https://www.google.com/search?q=best+webflow+agencies&gl=us&hl=en&pws=0
Best Webflow Agencies,4,Hire a Certified Webflow Partner,https://webflow.com/certified-partners,https://www.google.com/search?q=best+webflow+agencies&gl=us&hl=en&pws=0
Best Webflow Agencies,5,Top Webflow Development Agencies: BX Studio's Expert Picks,https://www.bx.studio/blog/top-webflow-development-agencies,https://www.google.com/search?q=best+webflow+agencies&gl=us&hl=en&pws=0
Best Webflow Agencies,6,15 Best Webflow Agencies in 2026 (By Specialty & Budget),https://www.enzuzo.com/blog/webflow-agencies,https://www.google.com/search?q=best+webflow+agencies&gl=us&hl=en&pws=0
Best Webflow Agencies,7,5 Best Webflow Agencies to Create Small Business Portfolios,https://social-hire.com/blog/small-business/5-best-webflow-agencies-to-create-small-business-portfolios,https://www.google.com/search?q=best+webflow+agencies&gl=us&hl=en&pws=0
Best Webflow Agencies,8,Hire a Certified Webflow Partner,https://webflow.com/certified-partners/browse,https://www.google.com/search?q=best+webflow+agencies&gl=us&hl=en&pws=0
Best Webflow Agencies,9,16 Webflow Agencies That Are World Class,https://www.macu.studio/blogs/best-webflow-agencies,https://www.google.com/search?q=best+webflow+agencies&gl=us&hl=en&pws=0
Best Webflow Agencies,10,Top Webflow Development Companies in 2026,https://www.designrush.com/agency/web-development-companies/webflow,https://www.google.com/search?q=top+webflow+agencies+usa&gl=us&hl=en&pws=0
Best Webflow Agencies,11,Top Webflow Developers in the United States,https://clutch.co/us/developers/webflow,https://www.google.com/search?q=top+webflow+agencies+usa&gl=us&hl=en&pws=0
Best Webflow Agencies,12,Best Webflow Web Design Agencies in the US (2026),https://www.modiphy.com/blog/best-webflow-web-design-agencies-in-the-united-states,https://www.google.com/search?q=top+webflow+agencies+usa&gl=us&hl=en&pws=0
Best Webflow Agencies,13,US Webflow Agencies Compared: Which One Should You Hire?,https://www.getmiyagi.com/post/best-webflow-agencies-in-the-us,https://www.google.com/search?q=top+webflow+agencies+usa&gl=us&hl=en&pws=0
Best Webflow Agencies,14,10 Stunning Webflow Websites from Fast-Growing Startups - Blushush,"https://www.blushush.co.uk/blogs/10-stunning-webflow-website-examples-from-fast-growing-startups#:~:text=Some%20of%20the%20top%20companies,discuss%20what%20makes%20each%20special.",https://www.google.com/search?q=top+webflow+agencies+usa&gl=us&hl=en&pws=0
Best Webflow Agencies,15,The best website builder for agencies | Webflow,"https://webflow.com/solutions/agencies#:~:text=Yes%2C%20Webflow%20is%20built%20to,staging%20environment%20and%20development%20settings.",https://www.google.com/search?q=top+webflow+agencies+usa&gl=us&hl=en&pws=0
Best Webflow Agencies,16,Top Webflow Developers - Jun 2026 Rankings,https://clutch.co/developers/webflow,https://www.google.com/search?q=best+webflow+agencies+site%3Aclutch.co&gl=us&hl=en&pws=0
Best Webflow Agencies,17,Top Webflow Developers in India - Jun 2026 Rankings,https://clutch.co/in/developers/webflow,https://www.google.com/search?q=best+webflow+agencies+site%3Aclutch.co&gl=us&hl=en&pws=0
Best Webflow Agencies,18,Top Webflow Developers in the United Kingdom,https://clutch.co/developers/webflow/uk,https://www.google.com/search?q=best+webflow+agencies+site%3Aclutch.co&gl=us&hl=en&pws=0
Best Webflow Agencies,19,Top Webflow Developers in San Francisco,https://clutch.co/developers/webflow/san-francisco,https://www.google.com/search?q=best+webflow+agencies+site%3Aclutch.co&gl=us&hl=en&pws=0
Best Webflow Agencies,20,Top Webflow Developers in Poland - Jun 2026 Rankings,https://clutch.co/pl/developers/webflow,https://www.google.com/search?q=best+webflow+agencies+site%3Aclutch.co&gl=us&hl=en&pws=0
Best Webflow Agencies,21,Top Webflow Developers in New York City,https://clutch.co/developers/webflow/new-york,https://www.google.com/search?q=best+webflow+agencies+site%3Aclutch.co&gl=us&hl=en&pws=0
Best Webflow Agencies,22,Top Webflow Developers in Spain - Jun 2026 Rankings,https://clutch.co/es/developers/webflow,https://www.google.com/search?q=best+webflow+agencies+site%3Aclutch.co&gl=us&hl=en&pws=0
Best Webflow Agencies,23,Top Web Design Companies in Los Angeles,https://clutch.co/web-designers/los-angeles,https://www.google.com/search?q=best+webflow+agencies+site%3Aclutch.co&gl=us&hl=en&pws=0
Best Webflow Agencies,24,Top Web Design Agencies in Utah - Jun 2026 Rankings,https://clutch.co/web-designers/utah,https://www.google.com/search?q=best+webflow+agencies+site%3Aclutch.co&gl=us&hl=en&pws=0
Best Webflow Agencies,25,Best Webflow Website Designs of 2026,https://www.designrush.com/best-designs/websites/webflow-designs,https://www.google.com/search?q=best+webflow+agencies+site%3Adesignrush.com&gl=us&hl=en&pws=0
Best Webflow Agencies,26,Top Webflow Development Companies in the United States,https://www.designrush.com/agency/web-development-companies/webflow/us,https://www.google.com/search?q=best+webflow+agencies+site%3Adesignrush.com&gl=us&hl=en&pws=0
Best Webflow Agencies,27,Webflow Pricing Explained (2026),https://www.designrush.com/agency/web-development-companies/trends/webflow-pricing,https://www.google.com/search?q=best+webflow+agencies+site%3Adesignrush.com&gl=us&hl=en&pws=0
Best Webflow Agencies,28,10 Website Builders for Businesses in 2026,https://www.designrush.com/agency/web-development-companies/trends/website-builders,https://www.google.com/search?q=best+webflow+agencies+site%3Adesignrush.com&gl=us&hl=en&pws=0
Best Webflow Agencies,29,Amply Reviews | View Portfolios,https://www.designrush.com/agency/profile/amply,https://www.google.com/search?q=best+webflow+agencies+site%3Adesignrush.com&gl=us&hl=en&pws=0
Best Webflow Agencies,30,Webflow vs. WordPress Differences,https://www.designrush.com/agency/web-development-companies/trends/webflow-vs-wordpress,https://www.google.com/search?q=best+webflow+agencies+site%3Adesignrush.com&gl=us&hl=en&pws=0
Best Webflow Agencies,31,Best FAQ Templates for Websites in 2026,https://www.designrush.com/best-designs/websites/trends/best-faq-templates-for-websites-in-2026,https://www.google.com/search?q=best+webflow+agencies+site%3Adesignrush.com&gl=us&hl=en&pws=0
Best Webflow Agencies,32,Sleek Website Design Inspiration: Webflow,https://www.designrush.com/best-designs/websites/webflow,https://www.google.com/search?q=best+webflow+agencies+site%3Adesignrush.com&gl=us&hl=en&pws=0
Best Webflow Agencies,33,Make Every Dollar Count When Creating a Website,https://news.designrush.com/formula-for-successful-inexpensive-websites,https://www.google.com/search?q=best+webflow+agencies+site%3Adesignrush.com&gl=us&hl=en&pws=0
Best Webflow Agencies,34,Top FinTech Web Design Agencies - 2026 Reviews,https://www.goodfirms.co/top-web-design-companies/fintech?page=53,https://www.google.com/search?q=best+webflow+agencies+site%3Agoodfirms.co&gl=us&hl=en&pws=0
Best Webflow Agencies,35,Top Web Design Companies in Chicago - 2026 Reviews,https://www.goodfirms.co/directory/city/top-web-design-companies/chicago,https://www.google.com/search?q=best+webflow+agencies+site%3Agoodfirms.co&gl=us&hl=en&pws=0
Best Webflow Agencies,36,Best Branding Agencies in Texas - 2026 Reviews,https://www.goodfirms.co/directory/state/top-digital-marketing-companies/branding/texas,https://www.google.com/search?q=best+webflow+agencies+site%3Agoodfirms.co&gl=us&hl=en&pws=0
Best Webflow Agencies,37,Top Web Design Companies in Los Angeles,https://www.goodfirms.co/directory/city/top-web-design-companies/los-angeles,https://www.google.com/search?q=best+webflow+agencies+site%3Agoodfirms.co&gl=us&hl=en&pws=0
Best Webflow Agencies,38,Top Real Estate Web Design Companies in 2026,https://www.goodfirms.co/top-web-design-companies/real-estate?page=65,https://www.google.com/search?q=best+webflow+agencies+site%3Agoodfirms.co&gl=us&hl=en&pws=0
Best Webflow Agencies,39,Top Digital Design Agencies in Chicago - 2026 Reviews,https://www.goodfirms.co/directory/city/top-web-design-companies/digital/chicago,https://www.google.com/search?q=best+webflow+agencies+site%3Agoodfirms.co&gl=us&hl=en&pws=0
Best Webflow Agencies,40,Top Digital Design Agencies in the Philippines,https://www.goodfirms.co/directory/country/top-web-design-companies/digital/philippines,https://www.google.com/search?q=best+webflow+agencies+site%3Agoodfirms.co&gl=us&hl=en&pws=0
Best Webflow Agencies,41,Top California Web Designers - 2026 Reviews,https://www.goodfirms.co/directory/state/top-web-design-companies/california?page=3,https://www.google.com/search?q=best+webflow+agencies+site%3Agoodfirms.co&gl=us&hl=en&pws=0
Best Webflow Agencies,42,Top Web Design Companies & Designers - 2026 Reviews,https://www.goodfirms.co/directory/platforms/top-web-design-companies?page=87,https://www.google.com/search?q=best+webflow+agencies+site%3Agoodfirms.co&gl=us&hl=en&pws=0
Best Webflow Agencies,43,Top Low Code/No Code Development Agencies,https://www.goodfirms.co/companies/low-code-no-code,https://www.google.com/search?q=best+webflow+agencies+site%3Agoodfirms.co&gl=us&hl=en&pws=0
Best Webflow Agencies,44,The Best Web Design Companies - Jun 2026 | The Manifest,https://themanifest.com/web-design/agencies,https://www.google.com/search?q=best+webflow+agencies+site%3Athemanifest.com&gl=us&hl=en&pws=0
Best Webflow Agencies,45,The Best Digital Design Companies in India - Jun 2026,https://themanifest.com/in/digital-design/agencies?page=6,https://www.google.com/search?q=best+webflow+agencies+site%3Athemanifest.com&gl=us&hl=en&pws=0
Best Webflow Agencies,46,The Best Web Design Companies - Apr 2026 | The Manifest,https://themanifest.com/web-design/agencies?page=1048&source=post_page---------------------------,https://www.google.com/search?q=best+webflow+agencies+site%3Athemanifest.com&gl=us&hl=en&pws=0
Best Webflow Agencies,47,The Best Design Companies in Brighton - Apr 2026 - Manifest,https://themanifest.com/design/agencies/uk/england/brighton?page=6,https://www.google.com/search?q=best+webflow+agencies+site%3Athemanifest.com&gl=us&hl=en&pws=0
Best Webflow Agencies,48,The Best Digital Design Companies - Mar 2026 | The Manifest,https://themanifest.com/digital-design/agencies?page=295,https://www.google.com/search?q=best+webflow+agencies+site%3Athemanifest.com&gl=us&hl=en&pws=0
Best Webflow Agencies,49,The Best Full Service Digital Companies - Apr 2026 - Manifest,https://themanifest.com/digital/agencies?page=1776,https://www.google.com/search?q=best+webflow+agencies+site%3Athemanifest.com&gl=us&hl=en&pws=0
Best Webflow Agencies,50,The Best Digital Design Companies - Apr 2026 | The Manifest,https://themanifest.com/digital-design/agencies?page=2377,https://www.google.com/search?q=best+webflow+agencies+site%3Athemanifest.com&gl=us&hl=en&pws=0
Best Webflow Agencies,51,The Best Digital Design Companies - Apr 2026 | The Manifest,https://themanifest.com/digital-design/agencies?page=300,https://www.google.com/search?q=best+webflow+agencies+site%3Athemanifest.com&gl=us&hl=en&pws=0
Best Webflow Agencies,52,The Best Digital Design Companies - Apr 2026 | The Manifest,https://themanifest.com/digital-design/agencies?page=2615,https://www.google.com/search?q=best+webflow+agencies+site%3Athemanifest.com&gl=us&hl=en&pws=0
Best Webflow Agencies,53,The Best Web Design Companies - Jun 2026 | The Manifest,https://themanifest.com/web-design/agencies/small-business?page=559,https://www.google.com/search?q=best+webflow+agencies+site%3Athemanifest.com&gl=us&hl=en&pws=0
Best MVP Design Agencies,1,Top 10 MVP Development Companies in the USA for ...,https://www.wavespace.agency/blog/top-mvp-development-agencies-in-usa,https://www.google.com/search?q=best+mvp+design+agencies&gl=us&hl=en&pws=0
Best MVP Design Agencies,2,Best MVP Development Agencies in 2026 (Verified Teams ...,https://cieden.com/best-mvp-development-agencies,https://www.google.com/search?q=best+mvp+design+agencies&gl=us&hl=en&pws=0
Best MVP Design Agencies,3,8 Trusted SaaS Design Agencies That Balance Quality and ...,https://excited.agency/blog/saas-design-agencies-mvp-budget,https://www.google.com/search?q=best+mvp+design+agencies&gl=us&hl=en&pws=0
Best MVP Design Agencies,4,Has anyone here worked with an MVP development ...,https://www.reddit.com/r/Entrepreneur/comments/1r6l6cl/has_anyone_here_worked_with_an_mvp_development/,https://www.google.com/search?q=best+mvp+design+agencies&gl=us&hl=en&pws=0
Best MVP Design Agencies,5,What Are the Best MVP Agencies for Early-Stage Products?,https://www.valtorian.com/blog/best-mvp-agencies-for-early-stage-products,https://www.google.com/search?q=best+mvp+design+agencies&gl=us&hl=en&pws=0
Best MVP Design Agencies,6,"8 Product Design Agencies for MVP Launches, Ranked by ...",https://www.925studios.co/blog/best-product-design-agencies-mvp-development,https://www.google.com/search?q=best+mvp+design+agencies&gl=us&hl=en&pws=0
Best MVP Design Agencies,7,Top 7 SaaS MVP Design Agencies in June 2026,https://taqwah.agency/blog/top-saas-mvp-design-agencies,https://www.google.com/search?q=best+mvp+design+agencies&gl=us&hl=en&pws=0
Best MVP Design Agencies,8,9 Best MVP Development Companies,https://10clouds.com/blog/product-delivery/9-best-mvp-development-companies/,https://www.google.com/search?q=best+mvp+design+agencies&gl=us&hl=en&pws=0
Best MVP Design Agencies,9,MVP Marketing + Design | Minneapolis Web Design & Digital ...,https://mvpdesign.com/,https://www.google.com/search?q=best+mvp+design+agencies&gl=us&hl=en&pws=0
Best MVP Design Agencies,10,Meet the 50 top design agencies in the US leading digital ...,https://www.lazarev.agency/articles/top-design-agencies-in-the-us,https://www.google.com/search?q=top+mvp+design+agencies+usa&gl=us&hl=en&pws=0
Best MVP Design Agencies,11,Best 22 MVP Development Companies,https://s-pro.io/mvp-development-companies,https://www.google.com/search?q=top+mvp+design+agencies+usa&gl=us&hl=en&pws=0
Best MVP Design Agencies,12,Best MVP development companies in the US? : r/startup,https://www.reddit.com/r/startup/comments/1o9hgvq/best_mvp_development_companies_in_the_us/,https://www.google.com/search?q=top+mvp+design+agencies+usa&gl=us&hl=en&pws=0
Best MVP Design Agencies,13,Top 30 MVP development companies,https://helpware.com/blog/tech/mvp-development-companies,https://www.google.com/search?q=top+mvp+design+agencies+usa&gl=us&hl=en&pws=0
Best MVP Design Agencies,14,Top Design Agencies - Jun 2026 Rankings,https://clutch.co/agencies/design,https://www.google.com/search?q=best+mvp+design+agencies+site%3Aclutch.co&gl=us&hl=en&pws=0
Best MVP Design Agencies,15,Top UI/UX Design Agencies - Jun 2026 Rankings,https://clutch.co/agencies/ui-ux,https://www.google.com/search?q=best+mvp+design+agencies+site%3Aclutch.co&gl=us&hl=en&pws=0
Best MVP Design Agencies,16,Top Design Agencies in Bridgeport - Mar 2026 Rankings,https://clutch.co/agencies/design/bridgeport,https://www.google.com/search?q=best+mvp+design+agencies+site%3Aclutch.co&gl=us&hl=en&pws=0
Best MVP Design Agencies,17,Top Design Agencies in the United States,https://clutch.co/us/agencies/design,https://www.google.com/search?q=best+mvp+design+agencies+site%3Aclutch.co&gl=us&hl=en&pws=0
Best MVP Design Agencies,18,Top London Web Design Companies - Jun 2026 Rankings,https://clutch.co/web-designers/uk/england/london,https://www.google.com/search?q=best+mvp+design+agencies+site%3Aclutch.co&gl=us&hl=en&pws=0
Best MVP Design Agencies,19,Top UX Design Agencies in Miami - May 2026 Rankings,https://clutch.co/agencies/ui-ux/miami?page=2,https://www.google.com/search?q=best+mvp+design+agencies+site%3Aclutch.co&gl=us&hl=en&pws=0
Best MVP Design Agencies,20,Best UX Design Packages,https://clutch.co/agencies/ui-ux/packages,https://www.google.com/search?q=best+mvp+design+agencies+site%3Aclutch.co&gl=us&hl=en&pws=0
Best MVP Design Agencies,21,Top UX Design Agencies in Memphis - May 2026 Rankings,https://clutch.co/agencies/ui-ux/memphis,https://www.google.com/search?q=best+mvp+design+agencies+site%3Aclutch.co&gl=us&hl=en&pws=0
Best MVP Design Agencies,22,How to Find Developers for Your Startup,https://clutch.co/outsourcing/how-find-developers-your-startup,https://www.google.com/search?q=best+mvp+design+agencies+site%3Aclutch.co&gl=us&hl=en&pws=0
Best MVP Design Agencies,23,Top Graphic Design Agencies - Jun 2026 Rankings,https://clutch.co/agencies/graphic-designers,https://www.google.com/search?q=best+mvp+design+agencies+site%3Aclutch.co&gl=us&hl=en&pws=0
Best MVP Design Agencies,24,Top MVP Development Companies in 2026,https://www.designrush.com/agency/software-development/mvp-development-company,https://www.google.com/search?q=best+mvp+design+agencies+site%3Adesignrush.com&gl=us&hl=en&pws=0
Best MVP Design Agencies,25,MVP in Software Development: Launch Smarter,https://www.designrush.com/agency/software-development/trends/what-is-mvp-in-software-development,https://www.google.com/search?q=best+mvp+design+agencies+site%3Adesignrush.com&gl=us&hl=en&pws=0
Best MVP Design Agencies,26,Top US Web Design Agency - Jun 2026,https://www.designrush.com/agency/design-agencies/us,https://www.google.com/search?q=best+mvp+design+agencies+site%3Adesignrush.com&gl=us&hl=en&pws=0
Best MVP Design Agencies,27,Top Design Agencies in California | 2026,https://www.designrush.com/agency/design-agencies/california,https://www.google.com/search?q=best+mvp+design+agencies+site%3Adesignrush.com&gl=us&hl=en&pws=0
Best MVP Design Agencies,28,Top Product Design Companies in Virginia | 2026,https://www.designrush.com/agency/product-design/virginia,https://www.google.com/search?q=best+mvp+design+agencies+site%3Adesignrush.com&gl=us&hl=en&pws=0
Best MVP Design Agencies,29,The #1 MVP Mistake Killing Startups Early,https://news.designrush.com/1-mvp-mistake-killing-startups-early,https://www.google.com/search?q=best+mvp+design+agencies+site%3Adesignrush.com&gl=us&hl=en&pws=0
Best MVP Design Agencies,30,Top Design Agencies in North Carolina | 2026,https://www.designrush.com/agency/design-agencies/north-carolina,https://www.google.com/search?q=best+mvp+design+agencies+site%3Adesignrush.com&gl=us&hl=en&pws=0
Best MVP Design Agencies,31,"PoC, Prototype, or MVP? How to Choose the Right First Step",https://news.designrush.com/poc-prototype-mvp-software-development,https://www.google.com/search?q=best+mvp+design+agencies+site%3Adesignrush.com&gl=us&hl=en&pws=0
Best MVP Design Agencies,32,Top Small Business Web Design Companies in the USA,https://www.designrush.com/agency/website-design-development/small-business/us,https://www.google.com/search?q=best+mvp+design+agencies+site%3Adesignrush.com&gl=us&hl=en&pws=0
Best MVP Design Agencies,33,bainry Reviews and Clients,https://www.designrush.com/agency/profile/bainry,https://www.google.com/search?q=best+mvp+design+agencies+site%3Adesignrush.com&gl=us&hl=en&pws=0
Best MVP Design Agencies,34,Top Digital Design Agencies in Minneapolis - 2026 Reviews,https://www.goodfirms.co/directory/city/top-web-design-companies/digital/minneapolis,https://www.google.com/search?q=best+mvp+design+agencies+site%3Agoodfirms.co&gl=us&hl=en&pws=0
Best MVP Design Agencies,35,Top 10+ Graphic Design Companies - 2026 Reviews,https://www.goodfirms.co/directory/services/top-web-design-companies/graphic,https://www.google.com/search?q=best+mvp+design+agencies+site%3Agoodfirms.co&gl=us&hl=en&pws=0
Best MVP Design Agencies,36,Top New York Web Design Companies - 2026 Reviews,https://www.goodfirms.co/directory/state/top-web-design-companies/new-york,https://www.google.com/search?q=best+mvp+design+agencies+site%3Agoodfirms.co&gl=us&hl=en&pws=0
Best MVP Design Agencies,37,Best Branding Agencies in the USA - 2026 Reviews,https://www.goodfirms.co/directory/country/top-digital-marketing-companies/branding/usa?page=57,https://www.google.com/search?q=best+mvp+design+agencies+site%3Agoodfirms.co&gl=us&hl=en&pws=0
Best MVP Design Agencies,38,Top Web Design Companies in Plano - 2026 Reviews,https://www.goodfirms.co/directory/city/top-web-design-companies/plano,https://www.google.com/search?q=best+mvp+design+agencies+site%3Agoodfirms.co&gl=us&hl=en&pws=0
Best MVP Design Agencies,39,Top Web Design Companies in Barcelona - 2026 Reviews,https://www.goodfirms.co/directory/city/top-web-design-companies/barcelona,https://www.google.com/search?q=best+mvp+design+agencies+site%3Agoodfirms.co&gl=us&hl=en&pws=0
Best MVP Design Agencies,40,Top Web Design Companies & Designers - 2026 Reviews,https://www.goodfirms.co/directory/platforms/top-web-design-companies?page=3,https://www.google.com/search?q=best+mvp+design+agencies+site%3Agoodfirms.co&gl=us&hl=en&pws=0
Best MVP Design Agencies,41,Top Web Design Companies in Chicago - 2026 Reviews,https://www.goodfirms.co/directory/city/top-web-design-companies/chicago,https://www.google.com/search?q=best+mvp+design+agencies+site%3Agoodfirms.co&gl=us&hl=en&pws=0
Best MVP Design Agencies,42,Best Branding Agencies in Texas - 2026 Reviews,https://www.goodfirms.co/directory/state/top-digital-marketing-companies/branding/texas,https://www.google.com/search?q=best+mvp+design+agencies+site%3Agoodfirms.co&gl=us&hl=en&pws=0
Best MVP Design Agencies,43,Top Web Design Companies Florida - 2026 Reviews,https://www.goodfirms.co/directory/state/top-web-design-companies/florida?page=4,https://www.google.com/search?q=best+mvp+design+agencies+site%3Agoodfirms.co&gl=us&hl=en&pws=0
Best MVP Design Agencies,44,The Best Digital Design Companies - Apr 2026 | The Manifest,https://themanifest.com/digital-design/agencies?page=70,https://www.google.com/search?q=best+mvp+design+agencies+site%3Athemanifest.com&gl=us&hl=en&pws=0
Best MVP Design Agencies,45,The Best Product Design Companies in Atlanta - Jun 2026,https://themanifest.com/product-design/agencies/atlanta,https://www.google.com/search?q=best+mvp+design+agencies+site%3Athemanifest.com&gl=us&hl=en&pws=0
Best MVP Design Agencies,46,The Best Digital Design Companies in Florida - Jun 2026,https://themanifest.com/digital-design/agencies/florida,https://www.google.com/search?q=best+mvp+design+agencies+site%3Athemanifest.com&gl=us&hl=en&pws=0
Best MVP Design Agencies,47,The Best Product Design Companies in United States - Apr 2026,https://themanifest.com/us/product-design/agencies?page=6,https://www.google.com/search?q=best+mvp+design+agencies+site%3Athemanifest.com&gl=us&hl=en&pws=0
Best MVP Design Agencies,48,The Best Logo Design Companies - Apr 2026 | The Manifest,https://themanifest.com/logo-design/agencies?page=196,https://www.google.com/search?q=best+mvp+design+agencies+site%3Athemanifest.com&gl=us&hl=en&pws=0
Best MVP Design Agencies,49,The Best Digital Design Companies - Apr 2026 - Manifest,https://themanifest.com/digital-design/agencies?page=653,https://www.google.com/search?q=best+mvp+design+agencies+site%3Athemanifest.com&gl=us&hl=en&pws=0
Best MVP Design Agencies,50,The Best Digital Design Companies - Apr 2026 | The Manifest,https://themanifest.com/digital-design/agencies?page=954,https://www.google.com/search?q=best+mvp+design+agencies+site%3Athemanifest.com&gl=us&hl=en&pws=0
Best MVP Design Agencies,51,The Best Design Companies - Apr 2026 | The Manifest,https://themanifest.com/design/agencies?page=211,https://www.google.com/search?q=best+mvp+design+agencies+site%3Athemanifest.com&gl=us&hl=en&pws=0
Best MVP Design Agencies,52,The Best Digital Design Companies - Jun 2026 | The Manifest,https://themanifest.com/digital-design/agencies?page=182,https://www.google.com/search?q=best+mvp+design+agencies+site%3Athemanifest.com&gl=us&hl=en&pws=0
Best MVP Design Agencies,53,The Best User Experience Companies - Apr 2026 | The Manifest,https://themanifest.com/user-experience/agencies?fbclid=IwAR1BxwBrZqwGhD9Y3Rq1ryagyblwgYw5zBZGN-LvQA0U1FcGGX3KhfR0toE&page=99,https://www.google.com/search?q=best+mvp+design+agencies+site%3Athemanifest.com&gl=us&hl=en&pws=0
